ID,SMILES,tSNE_0,tSNE_1,LogP,Mol_Weight,Heavy_Atom_Count,Aromatic_Rings,Rotatable_Bonds,Cluster,Bioactivity
0,COc1cc(N=Nc2c(Cl)cc([N+](=O)[O-])cc2[N+](=O)[O-])c(NC(C)=O)cc1N(CCOC(C)=O)Cc1ccccc1,-56.4541168212891,-5.39444589614868,6.11,584.97,41,3,12,0,NRB
1,COc1cc(/N=N/c2ccc([N+](=O)[O-])cc2[N+](=O)[O-])c(NC(C)=O)cc1N(CCOC(C)=O)Cc1ccccc1,-56.2730255126953,-5.64282321929932,5.46,550.53,40,3,12,0,NRB
2,CCN(CCC#N)c1ccc(/N=N/c2nc3ccc([N+](=O)[O-])cc3s2)c(C)c1,-60.5914268493652,5.27841711044312,5.67,394.46,28,3,7,0,NRB
3,CCN(CCC#N)c1ccc(/N=N/c2nc3cc(Cl)cc(Cl)c3s2)cc1,-61.9700126647949,6.22628164291382,6.76,404.33,26,3,6,0,NRB
4,CCN(CCC#N)c1ccc(/N=N/c2nc3cc(Cl)c(Cl)cc3s2)cc1,-61.5370750427246,6.57961511611939,6.76,404.33,26,3,6,0,NRB
5,Oc1ccc(N=Nc2ccc(N=Nc3ccc(O)cc3)cc2)cc1,-61.7939682006836,-25.9444751739502,5.93,318.34,24,3,4,0,NRB
6,O=C(Nc1ccc(Cl)cc1)c1c(O)ccc2c1[nH]c1ccccc12,-36.6684074401855,-24.5977191925049,4.93,336.78,24,4,2,1,NRB
7,O=[N+]([O-])c1cc(Cl)c(/N=N/c2ccc(N(CCO)CCO)cc2Cl)c(Cl)c1,-51.4364929199219,0.403368890285492,4.76,433.68,27,2,8,0,NRB
8,N#CCCN(CCc1ccccc1)c1ccc(N=Nc2ncc([N+](=O)[O-])s2)cc1,-63.5000076293945,4.00774383544922,5.43,406.47,29,3,9,0,NRB
9,COc1cc(/N=N/c2ccc([N+](=O)[O-])cc2)ccc1/N=N/c1ccc(O)cc1,-61.6050643920898,-24.6930713653564,6.14,377.36,28,3,6,0,NRB
10,CN(CCO)S(=O)(=O)C(F)(F)C(F)(F)C(F)(F)C(F)(F)C(F)(F)C(F)(F)C(F)(F)C(F)(F)F,61.2003898620606,-25.1119194030762,4.21,557.22,33,0,10,2,NRB
11,COc1cc(-c2ccc(/N=N/C(C(C)=O)C(=O)Nc3ccccc3C)c(OC)c2)ccc1/N=N/C(C(C)=O)C(=O)Nc1ccccc1C,-47.190601348877,-8.71820831298828,7.35,648.72,48,4,13,0,NRB
12,C[Si]1(C)O[Si](C)(C)O[Si](C)(c2ccccc2)O[Si](C)(C)O1,25.0888271331787,1.13991284370422,3.15,358.69,21,1,1,3,NRB
13,ClC1=C(Cl)C2(Cl)C3C(Cl)C(Cl)CC3C1(Cl)C2(Cl)Cl,19.6647891998291,-33.4546432495117,5.68,409.78,18,0,0,1,NRB
14,CC(C)(c1ccc(Oc2ccc(N)cc2)cc1)c1ccc(Oc2ccc(N)cc2)cc1,-23.6334571838379,-10.3477058410645,6.76,410.52,31,4,6,1,NRB
15,O=[N+]([O-])c1cc(Cl)c(/N=N/c2ccc(N(CCO)CCO)cc2Cl)c(Br)c1,-51.5797080993652,0.395418733358383,4.87,478.13,27,2,8,0,NRB
16,C1=CC2=C(c3ccncc3)C3=NC(=C(c4ccncc4)C4=NC(=C(c5ccncc5)C5=NC(=C(c6ccncc6)C1=N2)C=C5)C=C4)C=C3,-17.9659767150879,-32.0550842285156,7.27,616.69,48,4,4,1,NRB
17,N#CCCN(CCc1ccccc1)c1ccc(/N=N/c2ccc([N+](=O)[O-])cc2C#N)cc1,-63.5729942321777,3.24203538894653,5.84,424.46,32,3,9,0,NRB
18,Cc1ccccc1/N=N/c1c(O)ccc2ccccc12,-52.7294235229492,-19.1735858917236,5.27,262.31,20,3,2,0,NRB
19,Oc1ccc2ccccc2c1N=Nc1cccc2ccccc12,-51.2863159179688,-19.0920486450195,6.11,298.35,23,4,2,0,NRB
20,CCCCCCC(=O)OCCN1CCN(CCCN2c3ccccc3Sc3ccc(C(F)(F)F)cc32)CC1,-36.4036712646484,-14.8150644302368,6.83,549.7,38,2,12,-1,NRB
21,COc1nc(OC)nc(-c2ccc3ccc4cccc5ccc2c3c45)n1,-30.6475009918213,-32.7795219421387,4.45,341.37,26,5,3,1,NRB
22,CCNc1ccc2ccccc2c1/N=N/c1ccc(/N=N/c2ccccc2)cc1,-58.4473838806152,-26.4973697662354,8.1,379.47,29,4,6,0,NRB
23,Cc1cc(Cl)cc2c1C(=O)/C(=C1/Sc3c(Cl)cc(Cl)c(C)c3C1=O)S2,-21.4580078125,-43.7669334411621,6.75,427.76,25,2,0,4,NRB
24,O=C1c2ccccc2C(=O)c2c1c(Cl)cc1c(=O)c3cc(Cl)cc(Cl)c3[nH]c21,-37.3049468994141,-37.5682640075684,5.42,428.66,28,4,0,1,NRB
25,CC1=NN(c2ccccc2)C(=O)C1/N=N/c1ccccc1Cl,-47.151969909668,-24.5097103118896,4.22,312.76,22,2,3,-1,NRB
26,CNc1ccc(Nc2cccc(C)c2)c2c1C(=O)c1ccccc1C2=O,-32.1809921264648,-39.0644111633301,4.56,342.4,26,3,3,1,NRB
27,Nc1c(C=NN=Cc2ccc3c(c2N)C(=O)c2ccccc2C3=O)ccc2c1C(=O)c1ccccc1C2=O,-37.5236587524414,-41.0037422180176,3.85,498.5,38,4,3,1,NRB
28,O=[N+]([O-])c1ccccc1N=Nc1c(O)ccc2ccccc12,-52.9807624816895,-17.4920501708984,4.87,293.28,22,3,3,0,NRB
29,O=[N+]([O-])c1cc(Cl)ccc1N=Nc1c(O)ccc2ccccc12,-53.0003967285156,-16.4563179016113,5.52,327.73,23,3,3,0,NRB
30,CCN(CC)S(=O)(=O)c1ccc(OC)c(N=Nc2c(O)c(C(=O)Nc3cc(Cl)c(OC)cc3OC)cc3ccccc23)c1,-46.5824317932129,-6.56049394607544,6.92,627.12,43,4,11,0,NRB
31,O=C(Nc1cccc2c1C(=O)c1cccc(NC(=O)c3ccc4[nH]c5c6c(ccc5c(=O)c4c3)C(=O)c3ccccc3C6=O)c1C2=O)c1ccccc1,-39.3400077819824,-41.0546112060547,6.74,693.67,53,7,4,1,NRB
32,N#CCCN(CCOC(=O)Nc1ccccc1)c1ccc(/N=N/c2ccc([N+](=O)[O-])cc2)cc1,-63.9831199645996,2.00922012329102,5.98,458.48,34,3,10,0,NRB
33,O=C1c2ccccc2C(=O)c2c(Nc3ccc(S(=O)(=O)c4ccccc4)cc3)cccc21,-34.3596382141113,-38.9240760803223,5.04,439.49,32,4,4,1,NRB
34,O=C1/C(=C2/Sc3c(Cl)ccc(Cl)c3C2=O)Sc2c(Cl)ccc(Cl)c21,-20.4846839904785,-43.6691093444824,6.79,434.15,24,2,0,4,NRB
35,COC(=O)Nc1ccc(N=Nc2ccc(N=Nc3ccc(O)cc3)cc2C)cc1,-60.8089370727539,-24.8497123718262,6.71,389.42,29,3,5,0,NRB
36,c1cc(C(c2ccc(OCC3CO3)cc2)C(c2ccc(OCC3CO3)cc2)c2ccc(OCC3CO3)cc2)ccc1OCC1CO1,-31.5913734436035,-2.35823822021484,5.76,622.71,46,4,17,1,NRB
37,C[SiH](C)O[Si](C)(C)O[Si](C)(C)O[SiH](C)C,26.1408576965332,5.60754823684692,2.41,282.64,15,0,6,3,NRB
38,CC(C)(C)OOC(C)(C)C#CC(C)(C)OOC(C)(C)C,-7.65007162094116,1.98807990550995,4.04,286.41,20,0,4,1,NRB
39,CS(=O)(=O)Oc1ccc(Nc2ccc(O)c3c2C(=O)c2ccccc2C3=O)cc1,-33.2637329101563,-37.9671058654785,3.25,409.42,29,3,4,1,NRB
40,O=c1[nH]c2ccccc2n1C1CCN(CCCC(c2ccc(F)cc2)c2ccc(F)cc2)CC1,-36.6035346984863,-22.9730396270752,5.86,461.56,34,4,7,1,NRB
41,CC(=O)Nc1ccc(NC(=O)c2cc3ccccc3c(N=Nc3cc(C(N)=O)ccc3Cl)c2O)cc1,-50.1646156311035,-8.6838436126709,5.92,501.93,36,4,6,0,NRB
42,CCOc1cc(N=Nc2c(Br)cc([N+](=O)[O-])cc2[N+](=O)[O-])c(NC(C)=O)c(N(CCOC(C)=O)CCOC(C)=O)c1,-58.039608001709,-5.08798599243164,4.97,639.42,41,2,14,0,NRB
43,Cc1cc(C)c(C)cc1C,21.629264831543,-19.411003112793,2.92,134.22,10,1,0,1,NRB
44,Cc1cc(Cl)cc2c1C(=O)/C(=C1/Sc3cc(Cl)cc(C)c3C1=O)S2,-21.926607131958,-44.1808013916016,6.1,393.32,24,2,0,4,NRB
45,Cc1cc(Cl)c(C)c2c1S/C(=C1/Sc3c(C)cc(Cl)c(C)c3C1=O)C2=O,-21.8928146362305,-43.2050285339355,6.72,421.37,26,2,0,4,NRB
46,CC(=O)C(N=Nc1ccc(-c2ccc(N=NC(C(C)=O)C(=O)Nc3ccc(C)cc3C)c(Cl)c2)cc1Cl)C(=O)Nc1ccc(C)cc1C,-47.3396720886231,-9.01525688171387,9.25,685.61,48,4,11,0,NRB
47,CCOc1ccc(/N=N/c2ccc(O)c3ccccc23)cc1,-53.9474792480469,-20.9874439239502,5.36,292.34,22,3,4,0,NRB
48,CC(C)(N=C=O)c1cccc(C(C)(C)N=C=O)c1,12.6171875,-12.6434860229492,2.83,244.29,18,1,4,1,NRB
49,O=[N+]([O-])c1ccc(/N=N/c2c(O)ccc3ccccc23)c(Cl)c1,-53.6104354858398,-16.1414775848389,5.52,327.73,23,3,3,0,NRB
50,O=[N+]([O-])c1ccc(/N=N/c2c(O)ccc3ccccc23)c([N+](=O)[O-])c1,-53.875846862793,-14.7766618728638,4.78,338.28,25,3,4,0,NRB
51,C[Si](C)(C)O[Si](O[Si](C)(C)C)(O[Si](C)(C)C)O[Si](C)(C)C,25.1803569793701,4.88964033126831,4.83,384.85,21,0,8,3,NRB
52,Nc1ccc(Nc2ccccc2)c2c1C(=O)c1ccccc1C2=O,-31.256519317627,-38.6388244628906,3.79,314.34,24,3,2,1,NRB
53,OCCC(F)(F)C(F)(F)C(F)(F)C(F)(F)C(F)(F)C(F)(F)F,58.0717010498047,-24.884033203125,4.11,364.1,22,0,6,2,NRB
54,Oc1ccc2ccccc2c1/N=N/c1ccccc1,-52.9483757019043,-20.1379489898682,4.96,248.29,19,3,2,0,NRB
55,O=C(Nc1ccc(Cl)c(Cl)c1)c1cc(Cl)cc(Cl)c1O,14.1257514953613,-43.9959144592285,5.26,351.02,20,2,2,1,NRB
56,CCOC(=O)c1ccccc1C(=C1C=C(Br)C(=O)C(Br)=C1)c1cc(Br)c(O)c(Br)c1,-15.2903146743774,-48.8226928710938,7.04,661.97,30,2,4,4,NRB
57,CN(C)c1ccc(C(O)(c2ccc(N(C)C)cc2)c2ccc(N(C)c3ccccc3)c3ccccc23)cc1,-25.3605880737305,-4.72571802139282,7.02,501.67,38,5,7,1,NRB
58,FC(F)C(F)F,40.3347053527832,4.30721092224121,1.52,102.03,6,0,1,3,NRB
59,CCN(CCO)S(=O)(=O)C(F)(F)C(F)(F)C(F)(F)C(F)(F)C(F)(F)C(F)(F)C(F)(F)C(F)(F)F,61.8867874145508,-24.2104663848877,4.6,571.25,34,0,11,2,NRB
60,O=C1OC2(c3cc(Br)c(O)c(Br)c3Oc3c2cc(Br)c(O)c3Br)c2c(Cl)c(Cl)c(Cl)c(Cl)c21,-20.04150390625,-51.6885223388672,9.33,785.68,33,3,0,4,NRB
61,O=C1/C(=C2\Sc3c(ccc4cccc(Cl)c34)C2=O)Nc2ccc(Br)cc21,-19.0482559204102,-44.9373397827148,6.06,442.72,26,3,0,4,NRB
62,Nc1ccc(Sc2nc3ccccc3s2)c2c1C(=O)c1ccccc1C2=O,-30.2491149902344,-39.673152923584,4.81,388.47,27,4,2,1,NRB
63,CC(=O)OCCN(CCC#N)c1ccc(/N=N/c2c(Cl)cc([N+](=O)[O-])cc2Cl)cc1,-60.6526298522949,1.51699984073639,5.6,450.28,30,2,9,0,NRB
64,CN(C)c1ccc(C(O)(c2ccc(N(C)C)cc2)c2ccc(Nc3ccccc3)c3ccccc23)cc1,-25.600866317749,-4.48222017288208,7,487.65,37,5,7,1,NRB
65,C[Si]1(C)O[Si](C)(C)O[Si](C)(C)O[Si](C)(C)O[Si](C)(C)O[Si](C)(C)O1,25.455883026123,2.55716490745544,4.31,444.93,24,0,0,3,NRB
66,C[Si]1(C)O[Si](C)(C)O[Si](C)(C)O[Si](C)(C)O[Si](C)(C)O1,26.1203632354736,2.56020474433899,3.59,370.78,20,0,0,3,NRB
67,CN(C)c1ccc(C(c2ccc(N(C)C)cc2)c2ccc(N(C)C)cc2)cc1,-23.6764106750488,-5.71041393280029,5.06,373.54,28,3,6,1,NRB
68,CCN(CC)c1ccc(/N=N/c2c(Br)cc([N+](=O)[O-])cc2C#N)c(NC(C)=O)c1,-55.6770401000977,2.00583457946777,5.45,459.3,29,2,7,0,NRB
69,Cc1ccc(/N=N/c2c(O)ccc3ccccc23)c(C)c1,-53.5639991760254,-19.0383644104004,5.58,276.34,21,3,2,0,NRB
70,CN(CCO)c1ccc(/N=N/c2c(Cl)cc([N+](=O)[O-])cc2Cl)cc1,-52.3065376281738,-0.29995796084404,4.75,369.21,24,2,6,0,NRB
71,Oc1ccc(/N=N/c2ccc(/N=N/c3ccccc3)cc2)cc1,-60.890754699707,-26.2484245300293,6.22,302.34,23,3,4,0,NRB
72,Oc1ccc(N=Nc2ccc(N=Nc3ccccc3)c3ccccc23)cc1,-58.7191925048828,-25.1622753143311,7.38,352.4,27,4,4,0,NRB
73,CC(C)(C)c1ccc(-c2cc(C(C)(C)C)c(O)c(C(C)(C)C)c2)cc1,-11.7902145385742,-0.758091986179352,6.95,338.54,25,2,1,1,NRB
74,Cc1cc(/N=N/c2ccc(/N=N/c3ccccc3)cc2)ccc1O,-60.1872863769531,-26.262393951416,6.53,316.36,24,3,4,0,NRB
75,Brc1cc(Br)cc(Br)c1,-8.11014556884766,-47.7126655578613,3.97,314.8,9,1,0,4,NRB
76,COc1c(Cl)c(Cl)c(Cl)c(Cl)c1OC,18.6934452056885,-38.4115104675293,4.32,275.95,14,1,2,1,NRB
77,Clc1cc(-c2cc(Cl)c(Cl)c(Cl)c2)cc(Cl)c1Cl,15.4200277328491,-43.0209426879883,7.27,360.88,18,2,1,1,NRB
78,COc1ccccc1/N=N/c1c(O)ccc2ccccc12,-52.0953216552734,-19.7772178649902,4.97,278.31,21,3,3,0,NRB
79,O=S1(=O)OC(c2cc(Br)c(O)c(Br)c2)(c2cc(Br)c(O)c(Br)c2)c2ccccc21,-20.6046047210693,-52.9661293029785,6.16,669.97,29,3,2,4,NRB
80,Cc1cc(C2(c3cc(C)c(O)c(Br)c3)OS(=O)(=O)c3ccccc32)cc(Br)c1O,-21.6092624664307,-53.116813659668,5.25,540.23,29,3,2,4,NRB
81,Cc1c([N+](=O)[O-])cc2c(c1[N+](=O)[O-])C(C)(C)CC2(C)C,28.2200298309326,-20.0580940246582,3.77,278.31,20,1,2,1,NRB
82,Cc1cc(C2(c3cc(C)c(O)cc3C)OS(=O)(=O)c3ccccc32)c(C)cc1O,-22.3745918273926,-53.4222526550293,4.34,410.49,29,3,2,4,NRB
83,O=C(Nc1ccc(Cl)cc1)c1cc2c(cc1O)[nH]c1ccccc12,-36.6679573059082,-24.8516082763672,4.93,336.78,24,4,2,1,NRB
84,Sc1c(Cl)c(Cl)c(Cl)c(Cl)c1Cl,19.7950172424316,-37.2569847106934,5.24,282.41,12,1,0,1,NRB
85,Cc1ccc(Cl)cc1NC(=O)c1cc2ccccc2cc1O,-32.8647842407227,-25.5469512939453,4.76,311.77,22,3,2,1,NRB
86,COc1c(C(C)(C)C)cc([N+](=O)[O-])c(C)c1[N+](=O)[O-],27.6783962249756,-20.5675277709961,3.12,268.27,19,1,3,1,NRB
87,CN1CCN(CCCN2c3ccccc3Sc3ccc(C(F)(F)F)cc32)CC1,-35.9899978637695,-15.739312171936,4.95,407.51,28,2,4,-1,NRB
88,O=c1c2ccc3[nH]c4c5ccccc5c(=O)c5ccc6[nH]c(c7ccccc17)=c2c3c6c5=4,-38.4734420776367,-26.0933265686035,5.15,410.43,32,4,0,1,NRB
89,C=C[C@](C)(O)CC[C@@H]1[C@@]2(C)CCCC(C)(C)[C@@H]2CC[C@@]1(C)O,-19.6577396392822,24.9029941558838,4.7,308.51,22,0,4,1,NRB
90,NC(=N/C(N)=N/CCCCCC/N=C(\N)N=C(N)Nc1ccc(Cl)cc1)Nc1ccc(Cl)cc1,-33.0970344543457,-8.44626998901367,3.34,505.46,34,2,9,1,NRB
91,CN1CCN(CCCN2c3ccccc3Sc3ccc(Cl)cc32)CC1,-35.8846664428711,-15.9728107452393,4.58,373.95,25,2,4,-1,NRB
92,Cl[C@H]1[C@H](Cl)[C@@H](Cl)[C@@H](Cl)[C@H](Cl)[C@H]1Cl,35.7708740234375,2.71504044532776,3.64,290.83,12,0,0,3,NRB
93,C[Si]1(C)O[Si](C)(C)O[Si](C)(C)O[Si](C)(C)O1,26.9580631256103,2.88384246826172,2.87,296.62,16,0,0,3,NRB
94,Cc1c(C2(c3cc(Br)c(O)c(Br)c3C)OS(=O)(=O)c3ccccc32)cc(Br)c(O)c1Br,-21.0383987426758,-52.5761566162109,6.78,698.02,31,3,2,4,NRB
95,C[C@@H]1[C@H]2C3=CC[C@@H]4[C@@]5(C)CC[C@H](O)C(C)(C)[C@@H]5CC[C@@]4(C)[C@]3(C)CC[C@@]2(C(=O)O)CC[C@H]1C,-21.0671577453613,22.9068126678467,7.09,456.71,33,0,1,1,NRB
96,COc1cc(NS(=O)(=O)c2ccc(C)cc2)c2c(c1N)C(=O)c1ccccc1C2=O,-33.6135406494141,-37.5723342895508,3.16,422.46,30,3,4,1,NRB
97,Oc1ccc2ccccc2c1/N=N/c1ccc(/N=N\c2ccccc2)cc1,-58.7933120727539,-26.036434173584,7.38,352.4,27,4,4,0,NRB
98,O=C(Nc1ccc(Br)cc1)c1cc(Br)cc(Br)c1O,-14.1301860809326,-48.4766883850098,4.93,449.92,19,2,2,4,NRB
99,COc1cc(OC)c(NC(=O)c2cc3ccccc3cc2O)cc1Cl,-32.2486991882324,-24.5409202575684,4.47,357.79,25,3,4,1,NRB
100,Cc1cc(Cl)ccc1NC(=O)c1cc2ccccc2cc1O,-32.840404510498,-25.5148143768311,4.76,311.77,22,3,2,1,NRB
101,Cc1cc(Sc2cc(C)c(O)c(C(C)(C)C)c2)cc(C(C)(C)C)c1O,-9.970947265625,-0.474290311336517,6.46,358.55,25,2,2,1,NRB
102,Clc1ccc(C(c2ccccc2Cl)C(Cl)Cl)cc1,-16.5636043548584,-18.1382427215576,5.93,320.05,18,2,3,1,NRB
103,CCN(CCOC(=O)CCCCC(=O)OCCN(CC)c1ccc(C=C(C#N)C#N)c(C)c1)c1ccc(C=C(C#N)C#N)c(C)c1,-59.2230911254883,13.0652561187744,6.16,620.75,46,2,17,0,NRB
104,COc1ccccc1Nc1ccc(N)c2c1C(=O)c1ccccc1C2=O,-31.8345947265625,-38.1062660217285,3.8,344.37,26,3,3,1,NRB
105,N#CCCNCCc1ccc(/N=N/c2nc3c(Br)cc(Br)cc3s2)cc1,-63.76123046875,7.09153985977173,6.28,493.23,26,3,7,0,NRB
106,COc1cc(-c2ccc(Nc3ccc([N+](=O)[O-])cc3[N+](=O)[O-])c(OC)c2)ccc1Nc1ccc([N+](=O)[O-])cc1[N+](=O)[O-],-56.3972892761231,-9.22728729248047,6.49,576.48,42,4,11,0,NRB
107,CC(=O)OC(C)N(c1ccc(N=Nc2ccc([N+](=O)[O-])cc2)c(NC(=O)c2ccccc2)c1)C(C)OC(C)=O,-50.8479766845703,-8.39663219451904,5.89,533.54,39,3,10,0,NRB
108,CCN(CCOc1ccccc1)c1ccc(/N=N/c2ccc([N+](=O)[O-])cc2Cl)cc1,-62.2642211914063,0.886288225650787,6.57,424.89,30,3,9,0,NRB
109,Brc1ccc(Oc2cc(Br)c(Br)cc2Br)c(Br)c1,-12.7096080780029,-49.4062995910645,7.29,564.69,18,2,2,4,NRB
110,CC(=O)OCCN(CCC#N)c1ccc(/N=N/c2nc3cc(Cl)c(Cl)cc3s2)cc1,-60.9276962280273,7.17683124542236,6.3,462.36,30,3,8,0,NRB
111,CCN(CCO)S(=O)(=O)C(F)(F)C(F)(F)C(F)(F)C(F)(F)C(F)(F)C(F)(F)F,59.7857131958008,-22.8005084991455,3.33,471.24,28,0,9,2,NRB
112,CCOC(=O)CCc1cc(C(C)(C)C)c(O)c(C(C)(C)C)c1,-11.435887336731,1.38307750225067,4.48,306.45,22,1,4,1,NRB
113,Brc1cccc(Oc2ccc(Br)c(Br)c2Br)c1,-12.6210842132568,-48.1855239868164,6.53,485.8,17,2,2,4,NRB
114,COc1ccc(C(Cl)(c2ccccc2)c2ccc(OC)cc2)cc1,-22.3636703491211,-10.4032001495361,5.23,338.83,24,3,5,1,NRB
115,CN(CCC#N)c1ccc(/N=N/c2nc3cc(Cl)c(Cl)cc3s2)cc1,-62.1856842041016,7.18210458755493,6.37,390.3,25,3,5,0,NRB
116,CN1C(C)(C)CC(OC(=O)CCCCCCCCC(=O)OC2CC(C)(C)N(C)C(C)(C)C2)CC1(C)C,-21.3701419830322,25.9399795532227,6.5,508.79,36,0,11,1,NRB
117,CC(C)(C)c1ccc(-c2ccc(O)c(C(C)(C)C)c2)cc1,-11.8618984222412,-1.30489099025726,5.65,282.43,21,2,1,1,NRB
118,C=CCN(Cc1ccccc1)c1cc(NC(C)=O)c(/N=N/c2c(Br)cc([N+](=O)[O-])cc2[N+](=O)[O-])cc1OC,-55.7860946655273,-4.41443395614624,6.84,583.4,38,3,11,0,NRB
119,Nc1c(-c2nnc(-c3ccc4c(c3N)C(=O)c3ccccc3C4=O)o2)ccc2c1C(=O)c1ccccc1C2=O,-38.0264625549316,-41.7011108398438,4.12,512.48,39,5,2,1,NRB
120,Nc1c(-c2nnc(-c3ccc(-c4nnc(-c5ccc6c(c5N)C(=O)c5ccccc5C6=O)o4)cc3)o2)ccc2c1C(=O)c1ccccc1C2=O,-38.2313385009766,-42.4227561950684,5.84,656.61,50,7,4,1,NRB
121,CCN(CC)c1ccc(/N=N/c2c(Br)cc([N+](=O)[O-])cc2[N+](=O)[O-])c(NC(C)=O)c1,-55.2472648620605,1.13306415081024,5.49,479.29,30,2,8,0,NRB
122,CCC1(COP(OCC2(CC)COC2)Oc2ccc(C(C)(C)c3ccc(OP(OCC4(CC)COC4)OCC4(CC)COC4)cc3)cc2)COC1,-28.9523124694824,23.2669010162353,9,748.83,51,2,22,1,NRB
123,CCN(CCOc1ccc(C2CCCCC2)cc1)c1ccc(C=C(C#N)C#N)c(C)c1,-57.4735374450684,11.6180248260498,6.38,413.57,31,2,8,0,NRB
124,CCN(CCOc1ccccc1C1CCCCC1)c1ccc(C=C(C#N)C#N)c(C)c1,-57.4436302185059,11.6145000457764,6.38,413.57,31,2,8,0,NRB
125,COc1ccc(Oc2cc(O)c3c(c2N)C(=O)c2ccccc2C3=O)cc1,-32.7340354919434,-36.7367706298828,3.55,361.35,27,3,3,1,NRB
126,CCN(CC)c1ccc(/N=N/c2c(I)cc([N+](=O)[O-])cc2C#N)c(NC(C)=O)c1,-55.3722496032715,2.46445178985596,5.29,506.3,29,2,7,0,NRB
127,CCN(CCC#N)c1ccc(/N=N/c2c(Br)cc([N+](=O)[O-])cc2Br)cc1,-60.5274047851563,3.40980052947998,6.28,481.15,26,2,7,0,NRB
128,CC(=O)OCCN(CCOC(C)=O)c1ccc(N=Nc2c(Br)cc([N+](=O)[O-])cc2Br)cc1,-58.9869842529297,-1.61663293838501,5.47,572.21,32,2,10,0,NRB
129,CCCN(CCC)c1ccc(/N=N/c2c(C#N)cc([N+](=O)[O-])cc2C#N)c(NC(C)=O)c1,-57.3153953552246,2.65235829353333,5.34,433.47,32,2,9,0,NRB
130,Nc1ccc2c(=O)c3ccc4c5ccc6c(=O)c7ccccc7c7ccc(c8ccc(c2c1N)c3c48)c5c67,-38.7981262207031,-27.0534629821777,7.11,486.53,38,9,0,1,NRB
131,CC(C)(C)C(=O)C(Oc1ccc(C(=O)O)cc1)C(=O)Nc1ccc(Cl)cc1Cl,-19.7316150665283,-7.63663816452026,4.69,424.28,28,2,6,1,NRB
132,COc1cc(OC)c(NC(=O)c2cc3ccccc3c(N=Nc3cc(C(=O)Nc4ccc(C(N)=O)cc4)ccc3OC)c2O)cc1Cl,-46.9296188354492,-7.01993608474731,7.24,654.08,47,5,10,0,NRB
133,CCCCN(CCOC(=O)Nc1ccc(Cl)c(Cl)c1)c1ccc(C=C(C#N)C#N)c(C)c1,-58.93212890625,12.7054147720337,6.59,471.39,32,2,9,0,NRB
134,COC(=O)CCN(CCC(=O)OC)c1ccc(N=Nc2c(Cl)cc([N+](=O)[O-])cc2Br)cc1,-59.1666679382324,-2.71173858642578,5.36,527.76,32,2,10,0,NRB
135,Cc1c(C#N)c(NCCO)nc(NCCCOCCOc2ccccc2)c1/N=N/c1ccc([N+](=O)[O-])cc1C#N,-66.6982040405273,-7.21033430099487,4.76,544.57,40,3,15,5,NRB
136,Cc1cc2c(cc1/N=N/c1c(Cl)cc([N+](=O)[O-])cc1[N+](=O)[O-])C(C)CC(C)(C)N2CCO,-55.5233879089356,-14.1963768005371,5.96,461.91,32,2,6,0,NRB
137,CCCN(CCC)c1ccc(/N=N/c2nnc(SCC)s2)c(NC(C)=O)c1,-53.8084373474121,5.47235822677612,5.65,406.58,27,2,10,0,NRB
138,Cc1c(C#N)c(NCCCOCCOc2ccccc2)nc(NCCCOCCOc2ccccc2)c1/N=N/c1ccc(S(C)(=O)=O)cc1Cl,-67.6159744262695,-6.11562061309814,7.53,721.28,50,4,21,5,NRB
139,Cc1cc2c(cc1C=C(C#N)C#N)C(C)CC(C)(C)N2CCC(=O)Nc1ccccc1,-28.2363014221191,16.3809261322021,5.55,412.54,31,2,5,1,NRB
140,CC1CC(C)(C)N(CCOC(=O)Nc2ccccc2)c2ccc(C=C(C#N)C#N)cc21,-28.2884750366211,16.0808658599854,5.46,414.51,31,2,5,1,NRB
141,Cc1c(C#N)c(NCCCOCCOc2ccccc2)nc(NCCO)c1/N=N/c1ccc([N+](=O)[O-])cc1C#N,-66.6966171264648,-7.21092653274536,4.76,544.57,40,3,15,5,NRB
142,CC(C)Nc1nc(Nc2cc(Br)c(N)c3c2C(=O)c2ccccc2C3=O)nc(-c2ccccc2)n1,-34.0076637268066,-42.0038681030273,5.22,529.4,35,4,5,1,NRB
143,CC(=O)c1cc(Nc2nc(NC(C)C)nc(-c3ccccc3)n2)c2c(c1N)C(=O)c1ccccc1C2=O,-34.0693817138672,-42.0369567871094,4.66,492.54,37,4,6,1,NRB
144,Oc1cc(Cl)ccc1Oc1ccc(Cl)cc1Cl,12.7120056152344,-44.3736228942871,5.14,289.55,17,2,2,1,NRB
145,COc1ccc(C(OC[C@H]2O[C@@H](n3cnc4c(NC(=O)c5ccccc5)ncnc43)C[C@@H]2O)(c2ccccc2)c2ccc(OC)cc2)cc1,-30.0644626617432,-2.63249325752258,5.75,657.73,49,6,11,1,NRB
146,CC1(C)CC2(CC(C)(C)N1)OC1(CCCCCCCCCCC1)NC2=O,-20.2962303161621,24.2029724121094,4.81,364.57,26,0,0,1,NRB
147,COc1ccc(C(OC[C@H]2O[C@@H](n3ccc(NC(=O)c4ccccc4)nc3=O)C[C@@H]2O)(c2ccccc2)c2ccc(OC)cc2)cc1,-30.2348937988281,-2.53466558456421,5.17,633.7,47,5,11,1,NRB
148,CCOCCOC(=O)Nc1cc(N(CC)CC)ccc1/N=N/c1ccc([N+](=O)[O-])cc1Cl,-61.1543159484863,-0.723236262798309,6.09,463.92,32,2,11,0,NRB
149,CNS(=O)(=O)C(F)(F)C(F)(F)C(F)(F)C(F)(F)C(F)(F)C(F)(F)C(F)(F)F,59.0694160461426,-24.6955795288086,3.87,463.16,27,0,7,2,NRB
150,CNS(=O)(=O)C(F)(F)C(F)(F)C(F)(F)C(F)(F)C(F)(F)C(F)(F)F,57.7428283691406,-23.7528343200684,3.23,413.16,24,0,6,2,NRB
151,CNS(=O)(=O)C(F)(F)C(F)(F)C(F)(F)C(F)(F)C(F)(F)F,56.7243385314941,-22.9904384613037,2.6,363.15,21,0,5,2,NRB
152,CC(=O)OCCN(CCC#N)c1ccc(/N=N/c2ccc([N+](=O)[O-])cc2Cl)c(C)c1,-60.2346611022949,0.824215829372406,5.26,429.86,30,2,9,0,NRB
153,CCN(CCO)S(=O)(=O)C(F)(F)C(F)(F)C(F)(F)C(F)(F)C(F)(F)F,58.4690017700195,-22.3945465087891,2.69,421.23,25,0,8,2,NRB
154,CCN(CCO)S(=O)(=O)C(F)(F)C(F)(F)C(F)(F)C(F)(F)C(F)(F)C(F)(F)C(F)(F)F,60.9394149780273,-23.4374732971191,3.96,521.24,31,0,10,2,NRB
155,CN(CCO)S(=O)(=O)C(F)(F)C(F)(F)C(F)(F)C(F)(F)C(F)(F)C(F)(F)F,59.0834007263184,-23.4516124725342,2.94,457.21,27,0,8,2,NRB
156,CN(CCO)S(=O)(=O)C(F)(F)C(F)(F)C(F)(F)C(F)(F)C(F)(F)C(F)(F)C(F)(F)F,60.2875175476074,-24.226110458374,3.57,507.22,30,0,9,2,NRB
157,C=CCN(CCC#N)c1cc(NC(C)=O)c(/N=N/c2c(Br)cc([N+](=O)[O-])cc2[N+](=O)[O-])cc1OC,-55.6752128601074,-2.43428683280945,5.55,546.34,35,2,11,0,NRB
158,CCNS(=O)(=O)C(F)(F)C(F)(F)C(F)(F)C(F)(F)C(F)(F)C(F)(F)C(F)(F)F,59.5650672912598,-25.380859375,4.26,477.19,28,0,8,2,NRB
159,CCOC(=O)c1ccc2c(c1)C(c1ccc(N(CC)CC)cc1OCC)(c1c(C)n(CC)c3ccccc13)OC2=O,-42.7051239013672,-1.79969108104706,6.85,554.69,41,4,10,0,NRB
160,CCOC(=O)c1ccc2c(c1)C(=O)OC2(c1ccc(N(CC)CC)cc1OCC)c1c(C)n(CC)c2ccccc12,-42.7018661499023,-1.78382313251495,6.85,554.69,41,4,10,0,NRB
161,CC(=O)OCCN(C)S(=O)(=O)c1ccc2c(N=Nc3ccc(N=Nc4ccccc4)cc3)c(O)ccc2c1,-57.6327896118164,-27.5136260986328,6.56,531.59,38,4,9,0,NRB
162,CC(C)(C)c1cc(CCC(=O)OCCNC(=O)C(=O)NCCOC(=O)CCc2cc(C(C)(C)C)c(O)c(C(C)(C)C)c2)cc(C(C)(C)C)c1O,-12.7611169815063,2.00274348258972,6.17,696.93,50,2,12,1,NRB
163,COCCCNc1ccc(/N=N/c2c(Br)cc([N+](=O)[O-])cc2[N+](=O)[O-])c2ccccc12,-53.8818397521973,-13.2422533035278,6.28,488.3,31,3,9,0,NRB
164,CC(=O)CCN(CCC(=O)c1ccccc1)CC1(C)CCCC2(C)c3ccc(C(C)C)cc3CCC12,-26.7910232543945,17.2419414520264,7.37,487.73,36,2,10,1,NRB
165,CCCCN(CCOC(C)=O)c1ccc(/N=N/c2c(Br)cc([N+](=O)[O-])cc2C#N)c(C)c1,-58.6162376403809,0.510651707649231,6.12,502.37,32,2,10,0,NRB
166,CCCCN(CCOC(C)=O)c1ccc(/N=N/c2c(C#N)cc([N+](=O)[O-])cc2C#N)c(C)c1,-58.213451385498,1.09685468673706,5.23,448.48,33,2,10,0,NRB
167,O=[N+]([O-])c1ccc(Nc2ccc(/N=N/c3c(Cl)cc([N+](=O)[O-])cc3Cl)cc2)cc1,-55.6217880249023,-11.381311416626,6.97,432.22,29,3,6,0,NRB
168,CCCN(CCC)c1ccc(/N=N/c2c(C#N)cc(C)cc2C#N)c(NS(C)(=O)=O)c1,-55.9896354675293,4.88394260406494,5.15,438.56,31,2,9,0,NRB
169,COC(=O)OCCN(CCOC(=O)OC)c1ccc(/N=N/c2c(Cl)cc([N+](=O)[O-])cc2Cl)c(C)c1,-59.3408622741699,-3.72290587425232,6,529.33,35,2,10,0,NRB
170,CCCc1cc(Cl)cc(-c2ccncc2)c1,-16.0921936035156,-30.4079818725586,4.35,231.73,16,2,3,1,NRB
171,CCCc1cc(-c2ccncc2)ccc1Cl,-16.3432674407959,-30.5679416656494,4.35,231.73,16,2,3,1,NRB
172,COCCNc1nc(NCCOC)c(/N=N/c2cccc3c2C(=O)c2ccccc2C3=O)c(C)c1C#N,-66.1276931762695,-9.62113380432129,4.57,498.54,37,3,10,5,NRB
173,COCCNc1nc(NCCOC)c(/N=N/c2cc(OC)c(/N=N/c3c(Cl)cc([N+](=O)[O-])cc3Cl)cc2OC)c(C)c1C#N,-64.8889999389648,-7.78221416473389,7.44,646.49,44,3,15,5,NRB
174,Cc1[nH]n2c(=O)c3cc(Cl)cc(Cl)c3nc2c1N=Nc1cccc2c1C(=O)c1ccccc1C2=O,-37.175609588623,-37.8597984313965,5.98,502.32,35,5,2,1,NRB
175,CC(=O)Nc1cc(NCC(O)COc2ccccc2)c(Cl)cc1/N=N/c1ccc([N+](=O)[O-])cc1Cl,-53.7082443237305,-8.25946044921875,6.13,518.36,35,3,10,0,NRB
176,CCCN(CCC)c1ccc(/N=N/c2c(Br)cc([N+](=O)[O-])cc2C#N)c(NC(C)=O)c1,-56.6444549560547,2.47522306442261,6.23,487.36,31,2,9,0,NRB
177,CCN(CC)c1ccc(/N=N/c2c(Br)cc(C)cc2C#N)c(C)c1,-56.682918548584,6.80118322372437,6.2,385.31,24,2,5,0,NRB
178,CCN(CC)c1ccc(/N=N/c2c(Br)cc(C)cc2C#N)c(NS(C)(=O)=O)c1,-56.1237640380859,6.22850513458252,5.26,464.39,28,2,7,0,NRB
179,CCCN(CCC)c1ccc(/N=N/c2c(Br)cc(C)cc2C#N)c(NS(C)(=O)=O)c1,-55.5519599914551,5.48556852340698,6.04,492.44,30,2,9,0,NRB
180,O=C(Nc1ccccc1)c1cc2ccccc2c(N=Nc2ccc([N+](=O)[O-])cc2[N+](=O)[O-])c1O,-53.2906837463379,-11.5749502182007,6.03,457.4,34,4,6,0,NRB
181,COCCCNc1nc(NCCCOC)c(/N=N/c2ccc(/N=N/c3ccccc3)cc2Cl)c(C)c1C#N,-65.9533386230469,-8.27091121673584,7.64,535.05,38,3,14,5,NRB
182,O=C1/C(=C2/Nc3c(Br)cc(Br)cc3C2=O)Nc2c(Cl)cc(Br)cc21,-18.1479206085205,-45.6589584350586,5.76,533.4,24,2,0,4,NRB
183,CO[Si](CCCSC(=O)NCCCCCCNC(=O)N(CCCCCCN=C=O)C(=O)NCCCCCCN=C=O)(OC)OC,10.6547069549561,66.5705261230469,4.77,674.94,45,0,28,3,NRB
184,CCCCn1c(O)c(N=Nc2ccc(C(=O)c3ccc(Cl)cc3)cc2[N+](=O)[O-])c(C)c(C#N)c1=O,-52.2382507324219,-12.4802350997925,5.74,493.91,35,3,8,0,NRB
185,COc1cc(N=Nc2ccccc2OC)c(C)cc1N=Nc1ccc(O)cc1,-58.9925804138184,-23.6982955932617,6.55,376.42,28,3,6,0,NRB
186,CCOc1ccccc1NC(=O)c1cc2ccccc2c(N=Nc2ccccc2[N+](=O)[O-])c1O,-52.8609924316406,-10.6485261917114,6.52,456.46,34,4,7,0,NRB
187,Clc1cccc(CCCc2ccccn2)c1,-11.4494972229004,-29.4772624969482,3.91,231.73,16,2,4,1,NRB
188,C[Si](C)(C)O[Si](C)(C)O[Si](C)(C)C,26.7110042572021,5.51017808914185,3.39,236.54,13,0,4,3,NRB
189,CC1=NN(c2ccccc2)C(=O)C1/N=N/c1ccc(C)cc1C,-47.1684722900391,-24.5134258270264,4.18,306.37,23,2,3,-1,NRB
190,CCCC[Sn](F)(CCCC)CCCC,16.0856227874756,36.9065246582031,5.3,309.06,14,0,9,3,NRB
191,CCCC[Sn](CCCC)(CCCC)OC(=O)c1ccccc1O,14.5896587371826,38.0222663879395,5.89,427.17,23,1,11,3,NRB
192,CCCC[Sn](CCCC)CCCC,16.7712688446045,36.6562156677246,4.88,290.06,13,0,9,3,NRB
193,c1ccc([Bi](c2ccccc2)c2ccccc2)cc1,-15.1526336669922,-20.9009304046631,2.2,440.3,19,3,3,1,NRB
194,CCCC[Sn](CCCC)(CCCC)OC(=O)C=CC(=O)O,15.2599506378174,39.8186798095703,4.52,405.12,21,0,12,3,NRB
195,CCCC[Sn](Cl)(CCCC)CCCC,16.223669052124,36.3518104553223,5.57,325.51,14,0,9,3,NRB
196,F[Sn](c1ccccc1)(c1ccccc1)c1ccccc1,-15.1784591674805,-20.8617744445801,2.62,369.03,20,3,3,1,NRB
197,CCCC[Sn](CCCC)(CCCC)O[Sn](CCCC)(CCCC)CCCC,18.3625431060791,56.3683929443359,9.69,596.12,27,0,20,3,NRB
198,CCCCCCCCC(CC(=O)O[Sn](CCCC)(CCCC)CCCC)C(=O)O[Sn](CCCC)(CCCC)CCCC,17.6775569915771,58.3591995239258,12.52,808.41,42,0,30,3,NRB
199,CCCC(Cl)CCC(Cl)CC(Cl)C(Cl)CCC(Cl)CCC(Cl)C(Cl)CC(C)Cl,45.5166053771973,3.56773018836975,9.79,558.12,28,0,17,3,NRB
200,C[Si](C)(C)O[Si](C)(C)C,27.55784034729,6.13017177581787,2.67,162.38,9,0,2,3,NRB
201,CCC(Cl)CCC(Cl)C(Cl)CC(Cl)C(Cl)C(Cl)CCl,44.6244468688965,4.04397487640381,6.45,411.46,19,0,10,3,NRB
202,OCCC(F)(F)C(F)(F)C(F)(F)C(F)(F)C(F)(F)C(F)(F)C(F)(F)C(F)(F)C(F)(F)C(F)(F)C(F)(F)C(F)(F)C(F)(F)C(F)(F)C(F)(F)C(F)(F)F,62.8176422119141,-25.5936832427979,10.46,864.17,52,0,16,2,NRB
203,O=PO,36.4599494934082,7.15103006362915,0.19,63.98,3,0,0,3,NRB
204,CCOCCCCCCCCC(C(C)CCN)C(C)C(C)C,14.6058120727539,52.6482925415039,5.65,313.57,22,0,15,3,NRB
205,CCCCCC,18.8340244293213,37.3711242675781,2.59,86.18,6,0,3,3,NRB
206,CCCCCCCCCCCCCCCCCCCCCCCCCCCCCCCCCC,-2.05822587013245,70.2248764038086,13.51,478.93,34,0,31,3,RB
207,CCCCCCCCCCCCCCCCCCCCCCC,3.66812300682068,64.7009658813477,9.22,324.64,23,0,20,3,RB
208,CCCCCCCCCCCCCCCCCCCCC,5.15410947799683,63.1956100463867,8.44,296.58,21,0,18,3,RB
209,CCCCCCCCCCCCCCCCCCCCCC,4.38562774658203,63.9712219238281,8.83,310.61,22,0,19,3,RB
210,CCCCCCCCCCCCCCCCCCCCCCCCCCCCCCCCCCCCCCCC,-4.48836851119995,71.5628128051758,15.85,563.1,40,0,37,3,RB
211,CCCCCCCCCCCCCCCCCC,7.05978775024414,59.6897392272949,7.27,254.5,18,0,15,3,RB
212,CCCCCCCCCCCCCCCCCCCCCCCCCC,1.39648640155792,66.5126876831055,10.39,366.72,26,0,23,3,RB
213,CCCCCCCCCCCCCCCCCCC,6.81170082092285,60.6870727539063,7.66,268.53,19,0,16,3,RB
214,CCCCCCCCCCCCCCCCCCCCCCCCCCCCCCCCCCCCCC,-3.27889227867126,71.8493576049805,15.07,535.04,38,0,35,3,RB
215,CCCCCCCCCCCCCCCCCCCCCCCCCCCCCCCCCCCCC,-3.79693484306335,70.7203903198242,14.68,521.02,37,0,34,3,RB
216,CCCCCCCCCCCCC,11.4258985519409,50.2434730529785,5.32,184.37,13,0,10,3,RB
217,CCCCCCCCCCCCCCCCC,7.19761323928833,58.7177810668945,6.88,240.48,17,0,14,3,RB
218,CCCCCCCCCCCCCCCCCCCCCCCCCCCCCCCCCCC,-3.1340639591217,69.9344787597656,13.9,492.96,35,0,32,3,RB
219,CCCCCCCCCCCCCCCCCCCCCCCCCCCCCCCCCCCC,-2.61320233345032,71.1200485229492,14.29,506.99,36,0,33,3,RB
220,CCCCCCCCCCCCCC,10.8313055038452,50.8998680114746,5.71,198.39,14,0,11,3,RB
221,CCCCCCCCCCCCCCCCCCCCCCCCC,2.25149965286255,66.028923034668,10,352.69,25,0,22,3,RB
222,CCCCCCCCCCCCCCCCCCCCCCCCCCCC,0.236433044075966,67.5055160522461,11.17,394.77,28,0,25,3,RB
223,CCCCCCCCCCCCCCCCCCCCCCCCCCCCCC,-0.792472422122955,68.4957046508789,11.95,422.83,30,0,27,3,RB
224,CCCCCCCCCCCCCCCCCCCCCCCC,3.09298968315125,65.5519256591797,9.61,338.66,24,0,21,3,RB
225,CCCCCCCC,18.0493793487549,38.0743637084961,3.37,114.23,8,0,5,3,RB
226,CCCCCCCCCCCCCCCCCCCCCCCCCCCCCCCCCCCCCCCCCCCC,-4.36552333831787,72.6927337646484,17.41,619.2,44,0,41,3,RB
227,CCCCCCCCCCCCCCCCCCCCCCCCCCCCCCCC,-1.84009635448456,69.1113967895508,12.73,450.88,32,0,29,3,RB
228,CCCCCCCCCC,12.9686050415039,45.3528137207031,4.15,142.29,10,0,7,3,RB
229,CCCCCCCCCCCC,11.7388305664063,49.213623046875,4.93,170.34,12,0,9,3,RB
230,C=CCCCCCCC,16.8705768585205,41.4154663085938,3.53,126.24,9,0,6,3,NRB
231,CCCCCCCCCCCCCl,12.7262477874756,48.461051940918,5.15,204.79,13,0,10,3,RB
232,CCCCCCCCOCCCCCCCC,6.71697664260864,57.0815620422363,5.72,242.45,17,0,14,3,RB
233,CCCCCCCCCCCCOCCCCCCCCCCCC,2.18816637992859,64.569091796875,8.84,354.66,25,0,22,3,RB
234,CCCCCCCCCCOCCCCCCCCCC,5.30453538894653,61.720947265625,7.28,298.56,21,0,18,3,RB
235,CCC/C=C(/C=O)CC,37.0454559326172,27.3595695495605,2.32,126.2,9,0,4,3,RB
236,CCCCCCCO,20.9079704284668,38.3855361938477,1.95,116.2,8,0,5,3,RB
237,CCCC,33.984130859375,13.0514717102051,1.81,58.12,4,0,1,3,RB
238,CCCCCCCCCCCCCO,11.1639261245728,52.2948150634766,4.29,200.37,14,0,11,3,RB
239,CCCCCCCCCCCCCCCCCO,8.66976070404053,59.2264442443848,5.85,256.47,18,0,15,3,RB
240,CCCCCCCCCCCCCCO,10.7148952484131,53.3170509338379,4.68,214.39,15,0,12,3,RB
241,CCCCCCCCCCCCCCCO,10.390830039978,54.4370765686035,5.07,228.42,16,0,13,3,RB
242,CCCCCCCCCCCO,14.0690984725952,48.363468170166,3.51,172.31,12,0,9,3,RB
243,CCCCCCCCCCCCCCCCCCO,8.33264350891113,60.0811958312988,6.24,270.5,19,0,16,3,RB
244,CCCCCCCCCCCCO,13.2983160018921,49.9525833129883,3.9,186.34,13,0,10,3,RB
245,CCCCCCCCCCO,14.665337562561,46.8658256530762,3.12,158.29,11,0,8,3,RB
246,CCCCCCCCCO,15.1402015686035,45.8267021179199,2.73,144.26,10,0,7,3,RB
247,CCCCCl,34.4284172058105,13.5209579467773,2.03,92.57,5,0,2,3,NRB
248,CCCCCCCC/C=C\CCCCCCCCN,8.83877754211426,57.4890098571777,5.98,267.5,19,0,15,3,NRB
249,c1ccc2ccccc2c1,-26.2954978942871,-26.4528102874756,2.84,128.17,10,2,0,1,NRB
250,c1ccc2c(c1)ccc1ccccc12,-27.4591674804687,-27.2922592163086,3.99,178.23,14,3,0,1,RB
251,CC(C)c1ccc2ccccc2c1,-25.2400569915771,-24.2983322143555,3.96,170.26,13,2,1,1,NRB
252,Cc1cccc(-c2ccccc2)c1,-15.6787538528442,-24.8499526977539,3.66,168.24,13,2,1,1,NRB
253,ClC(Cl)C(Cl)Cl,42.0356025695801,5.26482343673706,2.59,167.85,6,0,1,3,NRB
254,ClC(Cl)(Cl)c1ccccc1,26.5636978149414,-33.5864791870117,3.51,195.48,10,1,0,1,RB
255,ClC(Cl)C(Cl)C(Cl)Cl,42.8130645751953,4.97519397735596,3.2,216.32,8,0,2,3,NRB
256,CC(=O)N(C)C,35.5530166625977,19.4898014068604,0.09,87.12,6,0,0,3,RB
257,C=CC#N,44.1270599365234,15.1578168869019,0.7,53.06,4,0,0,3,RB
258,O=S(=O)(O)c1cccc(S(=O)(=O)O)c1,1.4763343334198,-36.5155220031738,0.18,238.24,14,1,2,1,NRB
259,O=C(O)c1cccc(S(=O)(=O)O)c1,1.69571232795715,-34.8921928405762,0.63,202.19,13,1,2,1,NRB
260,O=S(=O)(O)c1ccc(Cl)cc1,2.85293483734131,-33.3246383666992,1.59,192.62,11,1,1,1,RB
261,CC(C)c1ccc2c(C(C)C)ccc(S(=O)(=O)O)c2c1,-2.29633665084839,-1.03362894058228,4.33,292.4,20,2,3,1,NRB
262,Nc1cccc(S(=O)(=O)O)c1,2.98723912239075,-35.3217658996582,0.52,173.19,11,1,1,1,NRB
263,Nc1ccc(S(=O)(=O)O)cc1,3.16075468063354,-34.7235374450684,0.52,173.19,11,1,1,1,NRB
264,CCCCCCCCCCCCc1cc(Oc2ccc(S(=O)(=O)O)cc2)cc(S(=O)(=O)O)c1,4.5864896774292,51.6927223205566,6.44,498.66,33,2,15,3,NRB
265,Nc1cccc2cccc(S(=O)(=O)O)c12,3.57207274436951,-37.8846321105957,1.67,223.25,15,2,1,1,NRB
266,CC(=O)Nc1ccc(S(=O)(=O)O)cc1,0.803292214870453,-33.5743598937988,0.89,215.23,14,1,2,1,NRB
267,O=S(O)c1ccccc1,6.66049528121948,-11.8073444366455,1.27,142.18,9,1,1,1,NRB
268,CCCCc1ccc2ccc(S(=O)(=O)O)cc2c1,-23.0415058135986,-25.1417331695557,3.43,264.35,18,2,4,1,NRB
269,O=[N+]([O-])c1cccc(S(=O)(=O)O)c1,6.06083917617798,-34.6621437072754,0.84,203.18,13,1,2,1,NRB
270,O=[N+]([O-])c1ccc(S(=O)(=O)O)cc1,6.09743595123291,-34.4320335388184,0.84,203.18,13,1,2,1,NRB
271,Cc1ccc(S(=O)(=O)Cl)cc1,8.80007457733154,-11.7778015136719,1.92,190.65,11,1,1,1,RB
272,Nc1c(Cl)cc(-c2cc(Cl)c(N)c(S(=O)(=O)O)c2)cc1S(=O)(=O)O,0.545475482940674,-37.8527603149414,2.32,413.26,24,2,3,1,NRB
273,C=CCS(=O)(=O)O,42.6765022277832,22.9699554443359,0.06,122.15,7,0,2,3,NRB
274,O=S(=O)(Cl)Cc1ccccc1,7.48214626312256,-10.4095468521118,1.76,190.65,11,1,2,1,RB
275,C=CC(C)O,41.5015678405762,21.2034816741943,0.55,72.11,5,0,1,3,RB
276,CC#CC,45.5991363525391,13.8696718215942,1.03,54.09,4,0,0,3,NRB
277,c1ccc(OCC2CO2)cc1,22.5640354156494,-10.3442983627319,1.46,150.18,11,1,3,-1,NRB
278,C=CCOCC1CO1,42.085521697998,25.3869247436523,0.59,114.14,8,0,4,3,NRB
279,C1CCOC1,-4.84741926193237,24.9820518493652,0.8,72.11,5,0,0,1,RB
280,CC(C)(C)C(=O)O,25.1573905944824,9.66016292572022,1.12,102.13,7,0,0,3,NRB
281,COC(C)(C)C,25.2255382537842,8.86744022369385,1.43,88.15,6,0,0,3,NRB
282,CC(C)=CC1C(C(=O)OCc2coc(Cc3ccccc3)c2)C1(C)C,-28.4460964202881,14.8134593963623,5.15,338.45,25,2,6,1,NRB
283,BrCCCCBr,39.2596130371094,10.0594177246094,2.56,215.92,6,0,3,3,NRB
284,ClCC(Br)CBr,38.8759460449219,9.08115005493164,2.38,236.33,6,0,2,3,NRB
285,O=[N+]([O-])c1c(Cl)cc(Cl)cc1Cl,22.5532932281494,-30.6087398529053,3.56,226.45,12,1,1,1,NRB
286,O=[N+]([O-])c1c(Cl)c(Cl)c(Cl)c(Cl)c1Cl,20.8568954467773,-36.9265441894531,4.86,295.34,14,1,1,1,NRB
287,O=[N+]([O-])c1ccc(Cl)cc1,26.3035430908203,-26.9768447875977,2.25,157.56,10,1,1,1,NRB
288,O=[N+]([O-])c1cccc(Cl)c1,26.2814235687256,-26.4603652954102,2.25,157.56,10,1,1,1,NRB
289,O=[N+]([O-])c1ccc([N+](=O)[O-])cc1,27.9774723052979,-27.5949726104736,1.5,168.11,12,1,2,1,NRB
290,O=[N+]([O-])c1cccc(O)c1,26.6857776641846,-25.3392353057861,1.3,139.11,10,1,1,1,RB
291,CC(O)(CCO)CCO,23.3587837219238,12.2322359085083,-0.5,134.18,9,0,4,3,NRB
292,OCCCOCCCO,23.1401233673096,35.4550743103027,-0.23,134.18,9,0,6,3,NRB
293,CCC(C)=NO,35.833194732666,22.0379371643066,1.25,87.12,6,0,1,3,NRB
294,C1=CCCC1,-5.01103067398071,26.2179584503174,1.73,68.12,5,0,0,1,RB
295,CCOc1ccc(N)cc1,-1.20635855197907,-24.0514240264893,1.67,137.18,10,1,2,1,NRB
296,Nc1cccc(O)c1,13.622896194458,-17.2238445281982,0.97,109.13,8,1,0,1,NRB
297,COc1ccc(Nc2ccc(OC)cc2)cc1,-21.2039279937744,-9.76958274841309,3.45,229.28,17,2,4,1,NRB
298,Nc1ccccc1O,13.0244255065918,-18.4698753356934,0.97,109.13,8,1,0,1,NRB
299,COc1cc(-c2ccc(N)c(OC)c2)ccc1N,-2.52613186836243,-24.0140171051025,2.54,244.29,18,2,3,1,NRB
300,COc1ccc(OC)cc1,-3.52078866958618,-20.7725124359131,1.7,138.17,10,1,2,1,RB
301,Cc1cc(C)c(N)c(C)c1,21.6258316040039,-20.7661590576172,2.19,135.21,10,1,0,1,NRB
302,Cc1ccc(N)cc1C,19.5761413574219,-21.7590446472168,1.89,121.18,9,1,0,1,NRB
303,COc1cccc(O)c1,-1.38122570514679,-20.2039489746094,1.4,124.14,9,1,1,1,RB
304,Cc1ccc(N)c(C)c1,19.9430828094482,-21.1948852539062,1.89,121.18,9,1,0,1,NRB
305,COC(=O)Nc1cccc(C)c1,-2.32752323150635,-17.9394989013672,2.17,165.19,12,1,1,1,RB
306,CNC(=O)Oc1cccc2ccccc12,-27.2816104888916,-25.2990684509277,2.56,201.23,15,2,1,1,RB
307,CC(=O)Nc1ccccc1O,7.99800443649292,-20.1957130432129,1.35,151.17,11,1,1,1,RB
308,COc1cccc(OC)c1,-3.87652015686035,-20.9904708862305,1.7,138.17,10,1,2,1,RB
309,COc1cccc(C(=O)O)c1,-1.12415933609009,-19.2765445709229,1.39,152.15,11,1,2,1,RB
310,COc1ccc(C(=O)O)cc1,-0.631099045276642,-19.1077575683594,1.39,152.15,11,1,2,1,RB
311,COc1c(N)cccc1[N+](=O)[O-],26.4329986572266,-21.6688709259033,1.19,168.15,12,1,2,1,NRB
312,Cc1cc(N)ccc1Cl,19.432596206665,-22.7967967987061,2.23,141.6,9,1,0,1,NRB
313,Cc1cc(Cl)ccc1N,19.9169731140137,-23.5068225860596,2.23,141.6,9,1,0,1,NRB
314,Cc1cc(C)c(N)c(Cl)c1,21.5299110412598,-21.4059944152832,2.54,155.63,10,1,0,1,NRB
315,CCS,34.6059265136719,8.74758434295654,0.94,62.14,3,0,0,3,NRB
316,CCC(=O)O,32.978458404541,21.3264560699463,0.48,74.08,5,0,1,3,RB
317,O=C(O)CS,33.1705513000488,19.5119018554687,0,92.12,5,0,1,3,RB
318,O=C1OC(=O)C2CCCCC12,-6.48045778274536,23.5577564239502,0.88,154.17,11,0,0,1,NRB
319,CCCCCCCCCCCCCCCCCCC1CC(=O)OC1=O,9.68525314331055,62.1218757629395,6.73,352.56,25,0,17,3,NRB
320,CC1OC(C)OC(C)O1,28.5683345794678,2.21541666984558,1.09,132.16,9,0,0,3,NRB
321,Cc1ccc2nc3sc(=O)sc3nc2c1,16.4879360198975,-7.058922290802,2.57,234.31,15,3,0,1,NRB
322,CC(C)(C)NSc1nc2ccccc2s1,15.9243593215942,-7.01205062866211,3.69,238.38,15,2,2,1,NRB
323,O=C1C2CC=CCC2C(=O)N1SC(Cl)(Cl)Cl,-10.3419151306152,24.6301765441895,2.91,300.59,16,0,1,1,NRB
324,O=c1n(Cl)c(=O)n(Cl)c(=O)n1Cl,36.1266975402832,-3.82730841636658,-0.82,232.41,12,1,0,3,NRB
325,O=C1C=CC(=O)N1c1ccccc1,-5.35163307189941,-8.38766098022461,1.12,173.17,13,1,1,1,NRB
326,CCOCC,33.2362365722656,14.5401935577393,1.04,74.12,5,0,2,3,NRB
327,OC(CCl)CCl,38.4454040527344,11.7874422073364,0.82,128.99,6,0,2,3,RB
328,CC(C)c1ccccc1C(C)C,0.301802456378937,-0.77617883682251,3.93,162.28,12,1,2,1,NRB
329,Cc1ccccc1C,17.2437477111816,-19.773006439209,2.3,106.17,8,1,0,1,RB
330,Cc1cccc(C(C)C)c1,2.96435284614563,-4.92083072662354,3.12,134.22,10,1,1,1,NRB
331,CC(C)c1ccc(C(C)C)cc1,1.72835087776184,-2.58728647232056,3.93,162.28,12,1,2,1,NRB
332,CC(C)c1cc2ccccc2c(C(C)C)c1C(C)C,-1.16319918632507,-0.421644806861877,6.21,254.42,19,2,3,1,NRB
333,CC(C)c1ccc2ccccc2c1C(C)C,-0.847694933414459,-0.81121826171875,5.09,212.34,16,2,2,1,NRB
334,Cc1ccc(C(CC(C)c2ccccc2)c2ccccc2)cc1C,-17.8402309417725,-15.9732265472412,6.63,314.47,24,3,5,1,NRB
335,CCc1ccccc1CC,9.75505542755127,-7.59979057312012,2.81,134.22,10,1,2,1,NRB
336,ClC1=C(Cl)C(Cl)(Cl)C(Cl)=C1Cl,19.3700046539307,-32.3378944396973,4.55,272.77,11,0,0,1,NRB
337,N#CSCSC#N,44.5578956604004,14.6617088317871,1.37,130.2,7,0,2,3,NRB
338,CCCCC(CC)COC(=O)c1ccc(C(=O)OCC(CC)CCCC)c(C(=O)OCC(CC)CCCC)c1,18.7560024261475,59.2850646972656,8.81,546.79,39,1,21,3,NRB
339,CCCCCc1ccc2c(c1)C(=O)c1ccccc1C2=O,-27.2252178192139,-36.6557159423828,4.19,278.35,21,2,4,1,NRB
340,CCCCOC(=O)CC(CC(=O)OCCCC)(OC(C)=O)C(=O)OCCCC,22.0647563934326,56.021800994873,3.1,402.48,28,0,15,3,RB
341,CCCCCCCCCCCCCCCCCCCCCCCCCCCC(=O)OCCO,-1.52170383930206,67.4483413696289,9.68,468.81,33,0,28,3,NRB
342,CC(C)(c1cc(Br)c(OCCO)c(Br)c1)c1cc(Br)c(OCCO)c(Br)c1,-12.9525146484375,-51.0352592468262,5.8,631.98,27,2,8,4,NRB
343,C=CC(=O)OCCCCCC,16.3166122436523,40.8502235412598,2.3,156.23,11,0,6,3,RB
344,CCCCCCCCCCCCCOP(OC1CCCCC1)OC1CCCCC1,5.95315313339233,55.5043258666992,9.24,428.64,29,0,17,3,NRB
345,CCCCCCCCCCCCCCCCCC(=O)OCC1OCC(O)C(O)C1O,10.5592460632324,63.084644317627,4.27,430.63,30,0,18,3,RB
346,O=C(O)c1ccccc1C(=O)O,7.50643920898438,-23.7970371246338,1.08,166.13,12,1,2,1,RB
347,CCCC[Sn](CCCC)(CCCC)OC(=O)C(Br)C(Br)C(=O)O[Sn](CCCC)(CCCC)CCCC,18.3241424560547,56.7025489807129,10.29,853.98,36,0,23,3,NRB
348,CCCCCCCCCc1ccc(OP(Oc2ccc(CCCCCCCCC)cc2)Oc2ccc(CCCCCCCCC)cc2)cc1,-1.88787579536438,65.9827728271484,15.33,689.02,49,3,30,3,NRB
349,COC(=O)CCS,29.6677684783936,18.0208282470703,0.48,120.17,7,0,2,3,RB
350,C=CCOP(=O)(OCC=C)OCC=C,11.1062183380127,14.4407606124878,2.7,218.19,14,0,9,6,NRB
351,Cc1ccc(OP(=O)(Oc2ccc(C)cc2)Oc2ccc(C)cc2)cc1,-24.2667064666748,-13.5798101425171,6.26,368.37,26,3,6,1,RB
352,CCCCOP(=O)(OCCCC)OCCCC,12.4976959228516,35.7906379699707,4.54,266.32,17,0,12,3,NRB
353,Cc1ccccc1OP(=O)(Oc1ccccc1C)Oc1ccccc1C,-24.8171138763428,-15.4163732528687,6.26,368.37,26,3,6,1,RB
354,Cc1ccc(OP(=O)(Oc2ccccc2)Oc2ccccc2)cc1,-25.0564403533936,-14.2442283630371,5.64,340.32,24,3,6,1,NRB
355,CC(CCl)OP(=O)(OCCOCCOP(=O)(OC(C)CCl)OC(C)CCl)OC(C)CCl,11.3335428237915,35.4649314880371,5.83,572.18,31,0,20,3,NRB
356,OC(C(F)(F)F)C(F)(F)F,53.6844177246094,-21.7222099304199,1.47,168.04,10,0,0,2,NRB
357,FC(F)=C(F)OC(F)(F)C(F)(F)C(F)(F)F,54.7311859130859,-22.1761093139648,3.83,266.03,16,0,3,2,NRB
358,CCCCCCCCC(=O)N(CCO)CCO,16.8545322418213,67.0162353515625,1.55,245.36,17,0,11,3,RB
359,CCCCCCCCCCCCCCCCCC(=O)N(CCO)CCO,11.9736490249634,66.154052734375,5.06,371.61,26,0,20,3,RB
360,CCCCCCCCCCCCCC(=O)N(CCO)CCO,13.7708349227905,66.4088439941406,3.5,315.5,22,0,16,3,RB
361,CCCCCCCCCCCCCCCC(=O)N(CCO)CCO,12.6842374801636,66.2228927612305,4.28,343.55,24,0,18,3,RB
362,CCCCCCCCCC(=O)N(CCO)CCO,16.1925373077393,66.9376678466797,1.94,259.39,18,0,12,3,RB
363,CCCCCCCC(=O)N(CCO)CCO,17.2332019805908,67.4318771362305,1.16,231.34,16,0,10,3,RB
364,CCCCCCCCCCCC(=O)N(CCO)CCO,15.0384864807129,66.6462249755859,2.72,287.44,20,0,14,3,RB
365,CC(O)CN(CC(C)O)CC(C)O,19.2154769897461,19.9420471191406,-0.57,191.27,13,0,6,3,NRB
366,CCCCCCCCN(CCCCCCCC)CCCCCCCC,4.91318130493164,65.9930725097656,8.37,353.68,25,0,21,3,NRB
367,CCCCCNCCCCC,12.1935005187988,43.9234962463379,2.96,157.3,11,0,8,3,RB
368,CCCCNCC,27.5994148254395,37.9796676635742,1.4,101.19,7,0,4,3,RB
369,CCCCCCCCCCCCN(C)C,12.5020875930786,52.0741233825684,4.47,213.41,15,0,11,3,RB
370,CCCCCCCCCCCCCCCCCCN(C)C,7.31775951385498,62.0087585449219,6.81,297.57,21,0,17,3,NRB
371,O=C(O)CN(CCN(CC(=O)O)CC(=O)O)CC(=O)O,18.2668876647949,68.3220138549805,-2.07,292.24,20,0,11,3,NRB
372,CCCCCCO,21.3053684234619,37.9368629455566,1.56,102.18,7,0,4,3,RB
373,CCCNCCC,27.6554927825928,37.9763717651367,1.4,101.19,7,0,4,3,RB
374,CCCCCCCCCCCCCCCCCC(=O)NCO,9.34000015258789,60.8773994445801,5.31,313.53,22,0,17,3,RB
375,CCC#CCCO,46.8293876647949,13.3725652694702,0.78,98.15,7,0,1,3,RB
376,CCCCO,35.3986930847168,14.1492490768433,0.78,74.12,5,0,2,3,RB
377,CCCO,35.8571395874023,13.0460453033447,0.39,60.1,4,0,1,3,RB
378,CC(O)COCC(C)O,19.4116249084473,18.6444206237793,-0.24,134.18,9,0,4,3,NRB
379,COC(C)(C)CCO,23.5944747924805,11.3833160400391,0.79,118.18,8,0,3,3,RB
380,CC(C)=CCC/C(C)=C/CO,39.268627166748,29.8418064117432,2.67,154.25,11,0,4,3,RB
381,CCl,36.6442832946777,8.4380407333374,0.86,50.49,2,0,0,3,NRB
382,CBr,37.0716857910156,7.88339185714722,1.01,94.94,2,0,0,3,NRB
383,ClC=CCl,42.7028198242188,17.0090198516846,1.94,96.94,4,0,0,3,NRB
384,Sc1ccccc1,11.0756320953369,-19.1072235107422,1.98,110.18,7,1,0,1,NRB
385,Sc1cccc2ccccc12,-25.5781879425049,-26.8875331878662,3.13,160.24,11,2,0,1,NRB
386,CC1(C)CC(N=C=O)CC(C)(CN=C=O)C1,-18.1013011932373,26.3712673187256,2.24,222.29,16,0,3,1,NRB
387,O=C=NC1CCC(CC2CCC(N=C=O)CC2)CC1,-7.09878540039063,19.1018543243408,3.17,262.35,19,0,4,1,NRB
388,O=C=Nc1ccc(Cc2ccc(N=C=O)cc2)cc1,-5.36316633224487,-28.2416820526123,3.21,250.26,19,2,4,1,NRB
389,CC(C)CC(C)(C#N)N=NC(C)(C#N)CC(C)C,19.7192344665527,10.1616153717041,4.1,248.37,18,0,6,3,NRB
390,CCN(CC)C(=O)c1cccc(C)c1,-3.67271423339844,-16.2374439239502,2.48,191.27,14,1,3,1,NRB
391,CC(C)(c1ccc(OC#N)cc1)c1ccc(OC#N)cc1,-13.133692741394,-7.19612789154053,3.73,278.31,21,2,4,1,NRB
392,ClCc1ccc(Cl)cc1,17.5839176177979,-28.5877876281738,3.08,161.03,9,1,1,1,NRB
393,Clc1cc(Cl)cc(Cl)c1,20.8739833831787,-27.6840953826904,3.65,181.45,9,1,0,1,NRB
394,Clc1ccccc1,17.3402824401855,-27.7332935333252,2.34,112.56,7,1,0,1,NRB
395,Clc1ccc(Cl)c(Cl)c1,18.4867649078369,-30.7803783416748,3.65,181.45,9,1,0,1,NRB
396,FC(F)(F)c1cccc(Cl)c1,27.7645092010498,-34.2280197143555,3.36,180.56,11,1,0,1,NRB
397,O=Cc1c(Cl)cccc1Cl,9.39209270477295,7.62273550033569,2.81,175.01,10,1,1,6,NRB
398,Clc1cnc(Cl)c(Cl)c1,21.3454895019531,-30.676025390625,3.04,182.44,9,1,0,1,NRB
399,CC(=O)c1ccccc1Cl,7.50744009017944,-21.5955810546875,2.54,154.6,10,1,1,1,NRB
400,O=C=Nc1ccc(Cl)c(Cl)c1,18.4174842834473,-29.7237510681152,2.96,188.01,11,1,1,1,NRB
401,N#Cc1cccc(C#N)c1,48.2959785461426,12.8465328216553,1.43,128.13,10,1,0,3,NRB
402,Cn1cccc1,36.364444732666,-3.15773940086365,1.03,81.12,6,1,0,3,RB
403,CN(C)c1ccc(C(=O)c2ccc(N(C)C)cc2)cc1,-22.387975692749,-6.67969608306885,3.05,268.36,20,2,4,1,NRB
404,CCCCCCCCc1cccc(Nc2cccc(CCCCCCCC)c2)c1,5.29897403717041,50.1652336120606,9.24,393.66,29,2,16,3,NRB
405,CCCl,36.0078582763672,9.56140041351318,1.25,64.52,3,0,0,3,NRB
406,C=CC(=C)C,40.2814407348633,22.6952133178711,1.75,68.12,5,0,1,3,NRB
407,C=C(C)C1CCC(C)CC1,-7.87588024139404,20.3701820373535,3.39,138.25,10,0,1,1,RB
408,C=CC(C)CCC=C(C)C,39.238712310791,29.7666435241699,3.55,138.25,10,0,4,3,RB
409,ClCC(Cl)Cl,40.6213760375977,6.40085792541504,2.03,133.41,5,0,1,3,NRB
410,C=C(C)CCl,39.3079032897949,22.2046527862549,1.8,90.55,5,0,1,3,RB
411,CC(=O)C(C)O,31.6672496795654,20.5910491943359,-0.04,88.11,6,0,1,3,RB
412,CC(=O)CO,33.0725021362305,20.8772144317627,-0.43,74.08,5,0,1,3,RB
413,CCC(C)=O,33.8518676757812,21.936014175415,0.99,72.11,5,0,1,3,RB
414,CCC(=O)CC(=O)CC,34.4264717102051,26.7775421142578,1.33,128.17,9,0,4,3,RB
415,CC(=O)CC(=O)c1ccccc1,3.32726383209229,-10.4026699066162,1.85,162.19,12,1,3,1,RB
416,CC(O)CC(C)O,20.9324398040771,18.8662052154541,0.14,104.15,7,0,2,3,RB
417,C=CC(=O)NCO,40.3299140930176,24.6120586395264,-0.76,101.11,7,0,2,3,NRB
418,CC(N)c1ccccc1,4.32656764984131,-4.62197113037109,1.71,121.18,9,1,1,1,NRB
419,CCC(C)N,31.3910388946533,12.5634880065918,0.74,73.14,5,0,1,3,RB
420,CC(C)(C#N)NNC(C)(C)C#N,19.9762477874756,10.0590858459473,0.68,166.23,12,0,3,3,NRB
421,OCc1ccc(Cl)cc1Cl,17.1107864379883,-30.6885452270508,2.49,177.03,10,1,1,1,RB
422,c1ccc2sc(SN3CCOCC3)nc2c1,15.2847995758057,-6.96759414672852,2.64,252.36,16,2,2,1,NRB
423,CCC,35.0439224243164,10.2467727661133,1.42,44.1,3,0,0,3,RB
424,Oc1cccc(Cc2ccccc2O)c1,-10.736888885498,-27.9763851165771,2.69,200.24,15,2,2,1,NRB
425,CC(c1ccccc1)c1ccccc1O,-15.4951629638672,-16.9320430755615,3.54,198.27,15,2,2,1,NRB
426,Oc1ccccc1-c1ccccc1,-15.4040117263794,-23.8023090362549,3.06,170.21,13,2,1,1,RB
427,O=Cc1c(O)ccc2ccccc12,-24.7727203369141,-27.1774311065674,2.36,172.18,13,2,1,1,RB
428,O=C(O)c1cc2ccccc2cc1O,-23.8939685821533,-26.5247173309326,2.24,188.18,14,2,1,1,NRB
429,Cc1cc(O)c(C)c(C)c1O,14.9393062591553,-21.3557910919189,2.02,152.19,11,1,0,1,NRB
430,CC(c1ccccc1)c1cc(C(C)c2ccccc2)c(C(C)c2ccccc2)cc1O,-18.667163848877,-15.8251276016235,7.85,406.57,31,4,6,1,NRB
431,CCC(C)c1cccc(C(C)CC)c1O,0.6838219165802,0.175417348742485,4.42,206.33,15,1,4,1,NRB
432,CC(c1ccccc1)c1ccc(O)cc1,-14.6970491409302,-16.7055339813232,3.54,198.27,15,2,2,1,NRB
433,Cc1ccccc1O,13.2718877792358,-19.8371105194092,1.7,108.14,8,1,0,1,RB
434,Oc1ccc(-c2ccccc2)cc1,-14.1459798812866,-24.6546955108643,3.06,170.21,13,2,1,1,NRB
435,O=Cc1cccc(Oc2ccccc2)c1,-5.82146596908569,-21.3472843170166,3.29,198.22,15,2,3,1,NRB
436,O=C(O)c1cccc(O)c1,3.82954692840576,-17.4458866119385,1.09,138.12,10,1,1,1,RB
437,Brc1ccc(Oc2cc(Br)c(Br)c(Br)c2Br)cc1Br,-12.3871726989746,-48.9430847167969,8.05,643.59,19,2,2,4,NRB
438,Cc1ccc(Cl)cc1O,15.4991025924683,-23.0431385040283,2.35,142.59,9,1,0,1,NRB
439,CC(C)(C)c1ccccc1O,12.5701675415039,-13.6293907165527,2.69,150.22,11,1,0,1,NRB
440,Cc1ccc(O)cc1Cl,15.2849884033203,-23.0139579772949,2.35,142.59,9,1,0,1,NRB
441,COc1ccccc1C(=O)O,5.73648881912231,-21.6898803710937,1.39,152.15,11,1,2,1,RB
442,OC(c1ccccc1)c1ccccc1,-15.938081741333,-16.77907371521,2.77,184.24,14,2,2,1,RB
443,CCC(C)c1cc(C(C)(C)C)c(O)c(C(C)(C)C)c1,-10.4723653793335,0.730018258094788,5.5,262.44,19,1,2,1,NRB
444,CCc1ccc2c(c1)C(=O)c1ccccc1C2=O,-27.7073764801025,-37.259822845459,3.02,236.27,18,2,1,1,NRB
445,Cc1cc(C(C)(C)C)c(O)c(C(C)(C)C)c1,-10.1855382919312,0.643458664417267,4.3,220.36,16,1,0,1,NRB
446,O=P(Oc1ccccc1)(Oc1ccccc1)Oc1ccccc1-c1ccccc1,-25.7620162963867,-14.3697071075439,7,402.39,29,4,7,1,NRB
447,CC(C)(C)c1ccc(O)cc1,9.69280529022217,-15.0010423660278,2.69,150.22,11,1,0,1,NRB
448,CCN(CC)c1ccc2c(c1)Oc1cc(N(CC)CC)ccc1C21OC(=O)c2ccccc21,-42.9269371032715,-0.638450384140015,5.95,442.56,33,3,6,-1,NRB
449,CC1=NN(c2ccccc2)C(=O)C1,-5.05275964736939,-8.24878978729248,1.8,174.2,13,1,1,1,NRB
450,Cc1c(NC(=O)C(C)Br)c(=O)n(-c2ccccc2)n1C,-3.83718299865723,-7.65034294128418,2.21,338.21,20,2,3,1,NRB
451,Cc1ccc([N+](=O)[O-])c(O)c1,27.2824401855469,-23.2300243377686,1.61,153.14,11,1,1,1,NRB
452,Nc1n[nH]c(S)n1,32.9514694213867,7.82908535003662,-0.32,116.15,7,1,0,3,NRB
453,Nc1ccc(Nc2ccccc2)cc1,-4.46562051773071,-30.1030139923096,3.01,184.24,14,2,2,1,NRB
454,c1ccc2cc(Nc3ccc(Nc4ccc5ccccc5c4)cc3)ccc2c1,-33.4370384216309,-27.0376815795898,7.48,360.46,28,5,4,1,NRB
455,c1ccc(Oc2nc(Oc3ccccc3)nc(Oc3ccccc3)n2)cc1,-26.7094535827637,-13.2414426803589,5.25,357.37,27,4,6,1,NRB
456,O=C(OOC(=O)c1ccc(Cl)cc1Cl)c1ccc(Cl)cc1Cl,13.6811037063599,-44.4080200195313,5.23,380.01,22,2,2,1,NRB
457,O=Nc1ccc(Nc2ccccc2)cc1,-4.91666889190674,-29.707914352417,3.83,198.23,15,2,3,1,NRB
458,C=Cc1ccc(Cl)cc1,6.80021905899048,9.51296043395996,2.98,138.6,9,1,1,6,NRB
459,C=Cc1cccc(Cl)c1,7.66790914535522,9.6435718536377,2.98,138.6,9,1,1,6,NRB
460,C=Cc1ccccc1,8.07087707519531,10.4492244720459,2.33,104.15,8,1,1,6,RB
461,C=Cc1cccc(C=C)c1,8.66279697418213,11.8263034820557,2.97,130.19,10,1,2,6,NRB
462,C=Cc1ccccc1Cl,8.77482891082764,8.82071304321289,2.98,138.6,9,1,1,6,NRB
463,Brc1ccccc1,16.9459800720215,-26.8258037567139,2.45,157.01,7,1,0,1,NRB
464,Brc1c(Br)c(Br)c(Br)c(Br)c1Br,-8.71261405944824,-47.7772369384766,6.26,551.49,12,1,0,4,NRB
465,C[Si](C)(C)N[Si](C)(C)C,27.9838123321533,6.08243417739868,2.25,161.4,9,0,2,3,NRB
466,CNC(=O)CC(C)=O,33.4627571105957,25.6309070587158,-0.29,115.13,8,0,2,3,RB
467,CNC(C)=O,34.0206527709961,22.8326988220215,-0.25,73.1,5,0,0,3,RB
468,CCNC(C)=O,34.189826965332,24.3106555938721,0.14,87.12,6,0,1,3,RB
469,O=C(O)CCCCCCCCCCCCCCC(=O)O,11.652398109436,57.8793907165527,4.62,286.41,20,0,15,3,RB
470,O=C(O)C1CCCCC1C1CCCCC1C(=O)O,-12.5378036499023,21.318359375,2.77,254.33,18,0,3,1,RB
471,CCCCCCCC(=O)O,19.8324584960938,43.1154747009277,2.43,144.21,10,0,6,3,RB
472,CCCCCCCCCC(=O)O,18.5875339508057,46.0963020324707,3.21,172.27,12,0,8,3,RB
473,CCCCCCCCC(=O)O,19.0415515899658,44.6961097717285,2.82,158.24,11,0,7,3,RB
474,CCCCCCCCCCC(=O)O,18.0405311584473,47.1835632324219,3.6,186.3,13,0,9,3,RB
475,NCCCCCCCCCCCC(=O)O,17.0816116333008,49.0423393249512,2.93,215.34,15,0,11,3,RB
476,CCCCCCC(=O)O,21.0063934326172,41.9419860839844,2.04,130.19,9,0,5,3,RB
477,OCCCCCO,22.4292087554932,36.8661918640137,0.14,104.15,7,0,4,3,RB
478,CCCCCC(=O)O,21.9866428375244,41.2229957580566,1.65,116.16,8,0,4,3,RB
479,CCCCC(=O)O,22.8501491546631,40.7011566162109,1.26,102.13,7,0,3,3,RB
480,O=C(O)[C@H]1CC=CC[C@H]1C(=O)O,-11.3076400756836,23.8681373596191,0.74,170.16,12,0,2,1,NRB
481,O=C(O)C1CC=CCC1C(=O)O,-11.3078699111938,23.8679599761963,0.74,170.16,12,0,2,1,NRB
482,OCCOCCO,23.4742889404297,35.0797920227051,-1.01,106.12,7,0,4,3,RB
483,CCCC(=O)O,31.2922706604004,23.2466468811035,0.87,88.11,6,0,2,3,RB
484,NCCNCCNCCNCCNCCN,11.3977184295654,43.1071929931641,-2.74,232.38,16,0,13,3,NRB
485,NCCCCCCCCN,15.1365509033203,44.2458267211914,1.24,144.26,10,0,7,3,RB
486,NCc1cccc(CN)c1,15.1714143753052,-16.2222023010254,0.6,136.2,10,1,2,1,NRB
487,C=Cc1cccc(CC)c1,6.87249517440796,10.7953786849976,2.89,132.21,10,1,2,6,NRB
488,C=Cc1ccc(CC)cc1,6.21887588500977,10.4782247543335,2.89,132.21,10,1,2,6,NRB
489,CCc1cccc(-c2ccccc2)c1,-15.5471849441528,-25.5552101135254,3.92,182.27,14,2,2,1,RB
490,CCc1ccc(-c2cccc(CC)c2)cc1,-15.6030225753784,-27.4866676330566,4.48,210.32,16,2,3,1,NRB
491,CCc1cccc(-c2cc(CC)cc(CC)c2)c1,-15.5758275985718,-28.0229434967041,5.04,238.37,18,2,4,1,NRB
492,COC(=O)C(C)Cl,28.7463836669922,19.4987239837646,0.79,122.55,7,0,1,3,RB
493,COC(=O)CCl,29.2950992584228,19.0682983398438,0.4,108.52,6,0,1,3,NRB
494,COC(=O)/C=C/C(=O)OC,28.5175075531006,16.3757286071777,-0.11,144.13,10,0,2,3,RB
495,C=COC(=O)CCl,41.274600982666,23.8605728149414,0.91,120.54,7,0,2,3,RB
496,CCN(CC)CC,30.1306247711182,31.9748630523682,1.35,101.19,7,0,3,3,NRB
497,Cl[C@H]1[C@H](Cl)[C@@H](Cl)[C@H](Cl)[C@@H](Cl)[C@H]1Cl,35.7707633972168,2.7148289680481,3.64,290.83,12,0,0,3,NRB
498,FC(F)(F)c1ccccc1,27.5921993255615,-34.0625686645508,2.71,146.11,10,1,0,1,NRB
499,O=S(=O)(CCl)Nc1cc(Cl)c(Cl)c(Cl)c1Oc1cccc(Cl)c1,13.3975067138672,-42.9636383056641,6.03,435.54,23,2,5,1,NRB
500,O=C1C(Cl)=C(Cl)C(=O)c2ccccc21,-27.3874130249023,-38.3296127319336,2.75,227.05,14,1,0,1,NRB
501,Cc1ccc2[nH]c3cc4c(=O)c5cc(C)ccc5[nH]c4cc3c(=O)c2c1,-39.0040664672852,-25.3555355072021,4.29,340.38,26,5,0,1,NRB
502,CCCCCCCCCc1ccc(OCCOCCOCCOCCOCCOCCOS(=O)(=O)O)cc1,-1.12826335430145,61.0666694641113,4.26,564.74,38,1,28,3,NRB
503,Cc1cc(Br)c(Br)c(OCC2CO2)c1,22.587028503418,-10.3982639312744,3.3,322,14,1,3,-1,NRB
504,O=C(O)c1cccc(Cl)c1,13.5045623779297,-27.9574413299561,2.04,156.57,10,1,1,1,RB
505,O=C(O)c1ccccc1I,8.97803115844727,-21.3854637145996,1.99,248.02,10,1,1,1,NRB
506,O=Cc1ccc(C=O)cc1,6.8275990486145,12.6785497665405,1.31,134.13,10,1,2,6,RB
507,O=C(CC(=O)c1ccccc1)c1ccccc1,2.24787974357605,-10.587007522583,3.14,224.26,17,2,4,1,RB
508,C1N2CN3CN1CN(C2)C3,-2.68925666809082,24.4413986206055,-1.02,140.19,10,0,0,1,NRB
509,CCN1CN(CC)CN(CC)C1,32.0335655212402,31.4105663299561,0.84,171.29,12,0,3,3,RB
510,CN(C)CCCN(CCCN(C)C)CCCN(C)C,17.7322902679443,65.2343292236328,1.14,272.48,19,0,12,3,NRB
511,Nc1cc(C(=O)O)ccc1Cl,12.67054271698,-28.608003616333,1.62,171.58,11,1,1,1,NRB
512,CC1(C)[C@H]2CC[C@]1(C)[C@H](O)C2,-18.223217010498,26.1771259307861,2.19,154.25,11,0,0,1,RB
513,CC(C)[C@@H]1CC[C@@H](C)C[C@H]1O,-8.37780857086182,20.4066638946533,2.44,156.27,11,0,1,1,NRB
514,CCCc1ccccc1,8.60973644256592,-8.50519466400147,2.64,120.2,9,1,2,1,RB
515,O=C(O)Cc1ccccc1,5.13857936859131,-9.62316608428955,1.31,136.15,10,1,2,1,RB
516,CC(=O)Nc1ccc(O)cc1,6.35317945480347,-17.7654914855957,1.35,151.17,11,1,1,1,RB
517,CCCCc1ccccc1,8.56173610687256,-8.36612892150879,3.03,134.22,10,1,3,1,NRB
518,Cc1ccc(O)cc1,9.95658397674561,-16.3427600860596,1.7,108.14,8,1,0,1,RB
519,OCCCl,37.271656036377,12.1726408004761,0.22,80.51,4,0,1,3,RB
520,CC(C)CC(C)O,21.5724220275879,18.8905086517334,1.41,102.18,7,0,2,3,RB
521,CC(=O)OC(C)C,26.7622890472412,20.5974140167236,0.96,102.13,7,0,1,3,RB
522,Cc1ccnc(C)c1,19.5486488342285,-19.9599628448486,1.7,107.16,8,1,0,1,RB
523,Oc1cc(O)cc(O)c1,3.99521994590759,-15.7190427780151,0.8,126.11,9,1,0,1,RB
524,CC(=O)OC(C)CC(C)C,24.6153964996338,20.6244277954102,1.98,144.21,10,0,3,3,RB
525,CC(=O)OCC(C)C,25.7366256713867,20.879566192627,1.21,116.16,8,0,2,3,RB
526,CCCCCCC(C)=O,21.3516159057617,43.3221778869629,2.55,128.22,9,0,5,3,RB
527,CCCCN(CC)C(=O)SCCC,15.6567306518555,34.9191436767578,3.37,203.35,13,0,6,3,RB
528,O=NN(CCO)CCO,26.483211517334,33.2763137817383,-1.05,134.14,9,0,5,3,RB
529,CCSC(=O)N(CC)C1CCCCC1,-6.44945049285889,20.8412494659424,3.51,215.36,14,0,3,1,NRB
530,COc1cc(/C=C/C(=O)O)ccc1O,4.40598344802856,14.9372177124023,1.5,194.19,14,1,3,6,RB
531,CCOC(=O)c1ccccc1O,3.78681206703186,-21.683177947998,1.57,166.18,12,1,2,1,RB
532,Nc1ccccc1C(=O)O,8.93723392486572,-22.3662033081055,0.97,137.14,10,1,1,1,RB
533,Oc1ccc(Cl)cc1Cc1ccccc1,-10.9003067016602,-28.2993507385254,3.64,218.68,15,2,2,1,RB
534,CCOC(=O)c1ccc(O)cc1,1.81145536899567,-21.8585681915283,1.57,166.18,12,1,2,1,RB
535,COc1cc(C(=O)O)ccc1O,1.86192965507507,-18.130615234375,1.1,168.15,12,1,2,1,RB
536,CCCCCCCCCCCCc1ccccc1,6.88429880142212,50.143482208252,6.15,246.44,18,1,11,3,RB
537,CC(C)CCO,22.6346225738525,16.9121627807617,1.02,88.15,6,0,2,3,RB
538,CCCCOC(C)=O,24.7395324707031,27.0821018218994,1.35,116.16,8,0,3,3,RB
539,ClC(Br)Br,38.7978820800781,7.82580280303955,2.3,208.28,4,0,0,3,NRB
540,Nc1cc(Cl)cc(C(=O)O)c1Cl,13.8053302764893,-29.677791595459,2.27,206.03,12,1,1,1,NRB
541,CC(C)Nc1nc(Cl)nc(NC(C)C)n1,14.9057559967041,-0.951185464859009,2.17,229.72,15,1,4,1,NRB
542,O=C(O)CC(=O)O,30.2381114959717,24.1388893127441,-0.45,104.06,7,0,2,3,RB
543,Nc1cccc(N)n1,17.1413021087646,-15.665153503418,0.25,109.13,8,1,0,1,NRB
544,CCCCCCCCCCCCOS(=O)(=O)O,7.92721509933472,52.6909141540527,3.73,266.4,17,0,12,3,RB
545,CCCCCCCCCCCCS(=O)(=O)O,8.42986106872559,52.6117706298828,3.8,250.4,16,0,11,3,RB
546,Cc1ccc(NC(=O)N(C)C)cc1Cl,-7.11156988143921,-15.4800634384155,2.74,212.68,14,1,1,1,NRB
547,O=c1[nH]cccc1O,33.2998542785645,-7.43769121170044,0.08,111.1,8,1,0,3,NRB
548,N#Cc1cc(Br)c(O)c(Br)c1,-7.36316108703613,-47.5854568481445,2.79,276.92,11,1,0,4,RB
549,CCCCCCCC(=O)Oc1c(Br)cc(C#N)cc1Br,20.5325775146484,46.7765998840332,5.35,403.11,20,1,7,3,RB
550,Clc1cc2c(cc1Cl)Oc1cc(Cl)c(Cl)cc1O2,13.324315071106,-46.535888671875,6.2,321.97,18,2,0,1,NRB
551,CCCCCCCCCCCCOS(=O)(=O)c1ccccc1,6.33125305175781,52.0092887878418,5.31,326.5,22,1,13,3,RB
552,CCCN(CCC)c1c([N+](=O)[O-])cc(S(N)(=O)=O)cc1[N+](=O)[O-],-47.9287033081055,7.61070251464844,1.78,346.37,23,1,8,0,NRB
553,CN(C)C(=O)Nc1ccc(Oc2ccc(Cl)cc2)cc1,-20.8944892883301,-8.55348300933838,4.23,290.75,20,2,3,1,NRB
554,NC(=O)c1c(Cl)cccc1Cl,13.3284196853638,-32.5163803100586,2.09,190.03,11,1,1,1,NRB
555,CNC(=O)Oc1ccc(N(C)C)c(C)c1,-5.65890026092529,-15.4219808578491,1.78,208.26,15,1,2,1,RB
556,Clc1ccc(-c2ccccc2)cc1,-14.6117296218872,-25.1802291870117,4.01,188.66,13,2,1,1,RB
557,c1ccc2c(c1)-c1cccc3cccc-2c13,-28.8131294250488,-34.8037147521973,4.49,202.26,16,3,0,1,NRB
558,c1ccc2cc3c(cc2c1)-c1cccc2cccc-3c12,-29.1488933563232,-34.0114631652832,5.64,252.32,20,4,0,1,NRB
559,CCC(O)OC(O)CC,20.8150825500488,17.197151184082,0.46,134.18,9,0,4,3,NRB
560,CC(C)CCCCCCCO,16.3729019165039,45.3911170959473,2.98,158.29,11,0,7,3,RB
561,COP(=O)(NC(C)=O)SC,29.7679920196533,20.8304195404053,1.24,183.17,10,0,3,3,RB
562,Clc1ccc(Cl)c(-c2cc(Cl)ccc2Cl)c1,12.6946210861206,-45.12939453125,5.97,291.99,16,2,1,1,NRB
563,Brc1ccc(-c2ccc(Br)c(Br)c2Br)c(Br)c1Br,-11.5016889572144,-48.1752662658691,7.93,627.59,18,2,1,4,NRB
564,Oc1ccccc1F,12.1517400741577,-20.366662979126,1.53,112.1,8,1,0,1,NRB
565,O=C(O)C1CC(C(=O)O)C(C(=O)O)C1C(=O)O,-12.9460754394531,21.9825992584229,-0.81,246.17,17,0,4,1,NRB
566,Nc1cccnc1N,17.4856643676758,-15.6247844696045,0.25,109.13,8,1,0,1,NRB
567,O=C(O)c1cccc(Cl)n1,9.59948921203613,-26.4092864990234,1.43,157.56,10,1,1,1,NRB
568,CCCN(CCC)c1c([N+](=O)[O-])cc(S(C)(=O)=O)cc1[N+](=O)[O-],-47.9164085388184,7.6177282333374,2.53,345.38,23,1,8,0,NRB
569,O=C(O)c1ccnc(C(=O)O)c1,7.18816947937012,-26.532958984375,0.48,167.12,12,1,2,1,RB
570,O=C(O)c1c(Cl)cccc1Cl,13.4490356445313,-32.304817199707,2.69,191.01,11,1,1,1,NRB
571,O=C(O)c1cc(Cl)ccc1Cl,14.3240995407104,-29.6379947662354,2.69,191.01,11,1,1,1,NRB
572,COC(=O)C(C)Oc1ccc(Oc2ccc(Cl)cc2Cl)cc1,-19.5791091918945,-8.71330642700195,4.73,341.19,22,2,5,1,RB
573,CC1=C(C(=O)Nc2ccccc2)SCCO1,-6.59280729293823,-30.1677589416504,2.62,235.31,16,1,2,1,RB
574,Nc1c(Cl)c(Cl)c(Cl)c(Cl)c1Cl,20.2305870056152,-37.3731346130371,4.54,265.35,12,1,0,1,NRB
575,Oc1ccccc1I,12.0084066390991,-19.3866996765137,2,220.01,8,1,0,1,NRB
576,Oc1ccc(I)cc1,10.4159832000732,-16.9563026428223,2,220.01,8,1,0,1,NRB
577,BrC=CBr,42.6056900024414,16.1596145629883,2.25,185.85,4,0,0,3,NRB
578,CCN(CC)N=O,28.3317108154297,32.3802452087402,1.01,102.14,7,0,3,3,NRB
579,CCCCN(C)C(=O)Nc1ccc(Cl)c(Cl)c1,-7.58725738525391,-15.4628868103027,4.26,275.18,17,1,4,1,NRB
580,Cc1ccc2cc3c(ccc4ccccc43)c3c2c1CC3,-28.5020275115967,-28.1480102539062,5.55,268.36,21,4,0,1,NRB
581,N[C@@H](CC(=O)O)C(=O)O,29.3650608062744,24.6275196075439,-1.13,133.1,9,0,3,3,RB
582,COc1c(O)cc(Cl)c(Cl)c1Cl,18.3359909057617,-38.2931709289551,3.36,227.47,12,1,1,1,NRB
583,COCC(=O)N(c1c(C)cccc1C)C(C)C(=O)OC,-4.79967880249023,-14.5909605026245,1.84,279.34,20,1,5,1,NRB
584,O=C(O)c1cccnc1,8.12337398529053,-27.7604675292969,0.78,123.11,9,1,1,1,RB
585,Cn1cc(-c2ccccc2)c(=O)c(-c2cccc(C(F)(F)F)c2)c1,-17.3478355407715,-25.1917686462402,4.74,329.32,24,3,2,1,NRB
586,CCCC(C)O,22.254919052124,16.9662189483643,1.17,88.15,6,0,2,3,RB
587,CN(C)N=O,35.8963928222656,18.1159057617187,0.23,74.08,5,0,1,3,NRB
588,CCCN(CCC)N=O,28.3964767456055,32.5914039611816,1.79,130.19,9,0,5,3,NRB
589,O=C(O)/C=C/c1ccccc1,5.42789936065674,13.9439449310303,1.78,148.16,11,1,2,6,RB
590,Nc1cc(Cl)cc(Cl)c1,20.5083103179932,-26.7325401306152,2.58,162.02,9,1,0,1,NRB
591,N[C@@H](Cc1ccccc1)C(=O)O,4.98803567886353,-8.43761157989502,0.64,165.19,12,1,3,1,RB
592,CCCCCCCCC(C)=O,20.4872570037842,44.5944061279297,3.33,156.27,11,0,7,3,RB
593,CN,35.8471908569336,7.8441686630249,-0.43,31.06,2,0,0,3,RB
594,O=C(O)/C=C/c1ccc(O)cc1,4.83457660675049,14.5018682479858,1.49,164.16,12,1,2,6,RB
595,ClC(Cl)Br,39.7111358642578,6.7020263671875,2.14,163.83,4,0,0,3,NRB
596,CC(Cl)Cl,39.9867935180664,5.82734251022339,1.81,98.96,4,0,0,3,NRB
597,CCC(C)(C)O,24.6020526885986,10.0850296020508,1.17,88.15,6,0,1,3,NRB
598,CCOC(=O)c1cccc(O)c1,1.96150851249695,-21.6651039123535,1.57,166.18,12,1,2,1,RB
599,CCCCSP(=O)(SCCCC)SCCCC,13.9784860610962,35.7379913330078,6.69,314.52,17,0,12,3,RB
600,C=CC(C)=O,40.5428352355957,22.9570980072021,0.76,70.09,5,0,1,3,NRB
601,O=S(=O)(O)c1cccc2c(S(=O)(=O)O)cccc12,1.97607028484344,-38.1498832702637,1.33,288.3,18,2,2,1,NRB
602,O=C1c2ccccc2C(=O)c2c1cccc2S(=O)(=O)O,-28.7314548492432,-37.5080871582031,1.71,288.28,20,2,1,1,NRB
603,CCCCOC(=O)COC(=O)c1ccccc1C(=O)OCCCC,22.3519020080566,55.8959274291992,3.14,336.38,24,1,10,3,RB
604,Nc1ccccc1S(=O)(=O)O,3.8826265335083,-36.7055244445801,0.52,173.19,11,1,1,1,NRB
605,CCNc1nc(NC(C)(C)C)nc(SC)n1,14.9588747024536,-0.986982226371765,2.24,241.36,16,1,4,1,NRB
606,O=C(O)c1cccnc1C(=O)O,7.70924949645996,-24.6348361968994,0.48,167.12,12,1,2,1,RB
607,CCC(=O)CC,35.1259117126465,26.4081439971924,1.38,86.13,6,0,2,3,RB
608,O=C(O)c1ccccn1,8.93610382080078,-26.5078468322754,0.78,123.11,9,1,1,1,RB
609,Nc1c(Cl)cc([N+](=O)[O-])cc1Cl,23.2513084411621,-30.3723297119141,2.48,207.02,12,1,1,1,NRB
610,O=C(O)c1cc([N+](=O)[O-])cc([N+](=O)[O-])c1,28.851541519165,-27.2788314819336,1.2,212.12,15,1,3,1,NRB
611,O=C(O)c1ccc(O)c(O)c1,2.99624276161194,-17.0738563537598,0.8,154.12,11,1,1,1,RB
612,CC(=O)c1ccc(O)cc1,6.06861734390259,-17.5308952331543,1.59,136.15,10,1,1,1,RB
613,C#CC1(O)CCC2C3CCc4cc(O)ccc4C3CCC21C,-18.6704902648926,23.0157203674316,3.61,296.41,22,1,0,1,NRB
614,O=c1[nH]cc(F)c(=O)[nH]1,33.3351631164551,-7.46313714981079,-0.8,130.08,9,1,0,3,NRB
615,CCOc1ccc(C(=O)O)c(O)c1,2.03574204444885,-19.6726627349854,1.49,182.18,13,1,3,1,RB
616,CN(C)CCC=C1c2ccccc2CCc2ccccc21,-25.9690761566162,-36.2004776000977,4.17,277.41,21,2,3,1,NRB
617,CC1(C)SC2C(NOCC(N)c3ccccc3)C(=O)N2C1C(=O)O,-25.5019283294678,14.338415145874,0.72,351.43,24,1,6,1,NRB
618,O=P(NCCCl)(NCCCl)OC1OC(CO)C(O)C(O)C1O,-12.2668619155884,31.4231586456299,-1.43,383.17,22,0,9,1,RB
619,O=P(NCCCl)(NCCCl)OC1OC(O)C(O)C(O)C1O,-12.4084930419922,31.480260848999,-1.47,369.14,21,0,8,1,NRB
620,Cn1c(=O)c2c(ncn2C)n(C)c1=O,35.337345123291,-12.0870504379272,-1.03,194.19,14,2,0,3,RB
621,CN(C)CCn1nnnc1SCC1=C(C(=O)O)N2C(=O)C(NC(=O)Cc3csc(N)n3)C2SC1,-26.3225574493408,11.4247074127197,-0.65,525.64,34,2,10,1,NRB
622,N=C(CCCCCCNC(=N)NC(=N)c1ccc(Cl)cc1)NC(=N)Nc1ccc(Cl)cc1,-33.0447807312012,-8.43331241607666,5,475.43,32,2,9,1,NRB
623,O=C(O)c1cn(C2CC2)c2cc(N3CCNCC3)c(F)cc2c1=O,-14.4893407821655,13.5156545639038,1.58,331.35,24,2,3,-1,NRB
624,CCOC(=O)C(C)(C)Oc1ccc(Cl)cc1,-13.143274307251,-8.60271549224854,3.06,242.7,16,1,4,1,NRB
625,CC(C)(Oc1ccc(Cl)cc1)C(=O)O,-13.0663871765137,-8.35583877563477,2.58,214.65,14,1,3,-1,NRB
626,COc1ccc2c3c1OC1C(O)C=CC4C(C2)N(C)CCC341,-16.9943294525146,22.2064151763916,1.5,299.37,22,1,1,1,NRB
627,O=P1(N(CCCl)CCCl)NCCCO1,-4.5607008934021,22.679328918457,1.88,261.09,14,0,5,1,NRB
628,Nc1ccn(C2OC(CO)C(O)C2O)c(=O)n1,-10.749475479126,30.471118927002,-2.56,243.22,17,1,2,1,NRB
629,CCC(=O)OC(Cc1ccccc1)(c1ccccc1)C(C)CN(C)C,-16.2583427429199,-14.6474123001099,4.28,339.48,25,2,8,1,NRB
630,O=C(OC1CC2CC3CC(C1)N2CC3=O)c1c[nH]c2ccccc12,-14.5283708572388,14.9624481201172,2.52,324.38,24,2,2,1,NRB
631,CNC(C)C(O)c1ccccc1,4.66193580627441,-3.22372555732727,1.33,165.24,12,1,3,1,NRB
632,CCC1OC(=O)C(C)C(OC2CC(C)(OC)C(O)C(C)O2)C(C)C(OC2OC(C)CC(N(C)C)C2O)C(C)(O)CC(C)C(=O)C(C)C(O)C1(C)O,-21.9612007141113,22.242561340332,1.79,733.94,51,0,7,1,NRB
633,CC(C)(C(=O)O)c1ccc(C(O)CCCN2CCC(C(O)(c3ccccc3)c3ccccc3)CC2)cc1,-26.6435451507568,-2.66054487228394,5.51,501.67,37,3,10,1,NRB
634,Nc1ccn(C2OC(CO)C(O)C2(F)F)c(=O)n1,-10.4158821105957,30.1507034301758,-1.29,263.2,18,1,2,1,NRB
635,CC(C)Cc1ccc(C(C)C(=O)O)cc1,2.46253538131714,-2.30161833763123,3.07,206.29,15,1,4,1,NRB
636,O=P1(NCCCl)OCCCN1CCCl,-4.61194896697998,22.8886871337891,1.88,261.09,14,0,5,1,NRB
637,CC(=O)N(CC(O)CO)c1c(I)c(C(=O)NCC(O)CO)c(I)c(C(=O)NCC(O)CO)c1I,-25.0222587585449,3.60783982276916,-1.63,821.14,34,1,12,1,NRB
638,COCC(=O)Nc1c(I)c(C(=O)NCC(O)CO)c(I)c(C(=O)N(C)CC(O)CO)c1I,-24.9139385223389,3.71292877197266,-0.41,791.12,32,1,11,1,NRB
639,CN(C(=O)CC(=O)N(C)c1c(I)c(C(=O)NC(CO)C(O)CO)c(I)c(C(=O)NC(CO)C(O)CO)c1I)c1c(I)c(C(=O)NC(CO)C(O)CO)c(I)c(C(=O)NC(CO)C(O)CO)c1I,-26.1106147766113,2.42697405815125,-3.89,1626.24,67,2,24,1,NRB
640,CCCC(C)(COC(N)=O)COC(N)=O,23.5980529785156,27.9205684661865,0.98,218.25,15,0,6,3,NRB
641,CC(O)C1C(=O)N2C(C(=O)O)=C(SC3CNC(C(=O)N(C)C)C3)C(C)C12,-14.3906946182251,21.2994518280029,-0.31,383.47,26,0,5,1,NRB
642,CN(C)C(=N)NC(=N)N,36.6559295654297,20.0269527435303,-1.03,129.17,9,0,0,3,NRB
643,CN(Cc1cnc2nc(N)nc(N)c2n1)c1ccc(C(=O)NC(CCC(=O)O)C(=O)O)cc1,-27.1862182617187,8.9315071105957,0.27,454.45,33,3,9,1,NRB
644,CC(N)(Cc1ccc(O)c(O)c1)C(=O)O,1.80162489414215,-16.0927734375,0.44,211.22,15,1,3,1,NRB
645,Cc1ncc([N+](=O)[O-])n1CCO,28.744873046875,-23.2211952209473,0.09,171.16,12,1,3,1,NRB
646,O=C1c2c(O)ccc(O)c2C(=O)c2c(NCCNCCO)ccc(NCCNCCO)c21,-66.0494155883789,-11.1744050979614,-0.14,444.49,32,2,12,5,NRB
647,COc1ccc2cc(C(C)C(=O)O)ccc2c1,-25.0071620941162,-23.5568695068359,3.04,230.26,17,2,3,1,NRB
648,NC(=O)c1cccnc1,8.12809753417969,-28.287935256958,0.18,122.13,9,1,1,1,NRB
649,CC1COc2c(N3CCN(C)CC3)c(F)cc3c(=O)c(C(=O)O)cn1c23,-14.4896936416626,13.1903924942017,1.54,361.37,26,2,2,-1,NRB
650,CCCCCCCCCCCC(CC1OC(=O)C1CCCCCC)OC(=O)C(CC(C)C)NC=O,16.758918762207,59.4932022094727,6.88,495.75,35,0,23,3,NRB
651,CN(C)C1C(O)=C(C(N)=O)C(=O)C2(O)C(O)=C3C(=O)c4c(O)cccc4C(C)(O)C3C(O)C12,-20.1158790588379,18.9370002746582,-1.24,460.44,33,1,2,1,NRB
652,CC1(C)SC2C(NC(=O)Cc3ccccc3)C(=O)N2C1C(=O)O,-25.4636039733887,14.1002178192139,0.86,334.4,23,1,4,1,NRB
653,CC(N)C(O)c1ccccc1,4.58754873275757,-3.70854139328003,1.07,151.21,11,1,2,1,NRB
654,OCc1cc(C(O)CNCCCCCCOCCCCc2ccccc2)ccc1O,4.32105875015259,49.8019905090332,4.11,415.57,30,2,16,3,RB
655,CC(C)(C)NC(=O)C1CC2CCCCC2CN1CC(O)C(Cc1ccccc1)NC(=O)C(CC(N)=O)NC(=O)c1ccc2ccccc2n1,-27.2759437561035,-0.334658235311508,3.09,670.86,49,3,12,1,NRB
656,Nc1ccc(S(=O)(=O)NC(=O)c2ccccc2)cc1,-2.9140727519989,-31.8048629760742,1.39,276.32,19,2,3,1,NRB
657,Nc1ccc(S(=O)(=O)Nc2ncccn2)cc1,-4.1845498085022,-34.9429016113281,0.86,250.28,17,2,3,1,NRB
658,COc1cnc(NS(=O)(=O)c2ccc(N)cc2)nc1,-4.47568511962891,-34.9293899536133,0.87,280.31,19,2,4,1,NRB
659,Cc1cc(NS(=O)(=O)c2ccc(N)cc2)no1,-3.22313761711121,-34.6896171569824,1.37,253.28,17,2,3,1,NRB
660,O=C(O)c1cc(N=Nc2ccc(S(=O)(=O)Nc3ccccn3)cc2)ccc1O,-54.7726631164551,-22.0153007507324,3.7,398.4,28,3,6,0,NRB
661,CN(C)C1C(O)=C(C(N)=O)C(=O)C2(O)C(O)=C3C(=O)c4c(O)cccc4C(C)(O)C3CC12,-20.1153125762939,18.9523067474365,-0.21,444.44,32,1,2,1,NRB
662,Cn1cnc2c1c(=O)[nH]c(=O)n2C,35.0987358093262,-11.4803771972656,-1.04,180.17,13,2,0,3,NRB
663,Cn1c(=O)c2[nH]cnc2n(C)c1=O,34.9026870727539,-10.9926614761353,-1.04,180.17,13,2,0,3,RB
664,O=P(O)(O)C(Sc1ccc(Cl)cc1)P(=O)(O)O,-1.08795011043549,-12.8259916305542,2.07,318.61,17,1,4,1,NRB
665,CCCCNC(=O)NS(=O)(=O)c1ccc(C)cc1,-1.85304391384125,-31.8030242919922,1.78,270.35,18,1,5,1,NRB
666,CS(=O)(=O)OCC(O)C(O)COS(C)(=O)=O,17.7033538818359,17.9576606750488,-2.34,278.3,16,0,7,3,NRB
667,CCC1(O)CC2CN(CCc3c([nH]c4ccccc34)C(C(=O)OC)(c3cc4c(cc3OC)N(C)C3C(O)(C(=O)OC)C(OC(C)=O)C5(CC)C=CCN6CCC43C65)C2)C1,-27.5647773742676,22.6106033325195,3.99,810.99,59,3,7,1,NRB
668,CCC1(O)CC2CN(CCc3c([nH]c4ccccc34)C(C(=O)OC)(c3cc4c(cc3OC)N(C=O)C3C(O)(C(=O)OC)C(OC(C)=O)C5(CC)C=CCN6CCC43C65)C2)C1,-27.131721496582,22.7569522857666,3.52,824.97,60,3,8,1,NRB
669,CCC1(O)CC2CN(CCc3c([nH]c4ccccc34)C(C(=O)OC)(c3cc4c(cc3OC)N(C)C3C(O)(C(N)=O)C(O)C5(CC)C=CCN6CCC43C65)C2)C1,-27.587797164917,23.2148609161377,2.73,753.94,55,3,6,1,NRB
