RDKit Canonical Smiles,Molecule ChEMBL ID,Fingerprints_tsne_x,Fingerprints_tsne_y,Daylight_tsne_x,Daylight_tsne_y,Molecular_Descriptors_tsne_x,Molecular_Descriptors_tsne_y,Fingerprints_Divergence_Pearson_Correlation,Fingerprints_Divergence_Kendall_Correlation,Daylight_Divergence_Pearson_Correlation,Daylight_Divergence_Kendall_Correlation,Molecular_descriptors_Divergence_Pearson_Correlation,Molecular_Descriptors_Divergence_Kendall_Correlation,Molecular weight,aLogP,cx_most_apka,cx_most_bpka,Lipinski RO5 violations,Follows Lipinski RO5,QED_weighed,Bioactivity_A (Serotonin 1a (5-HT1a) receptor),Bioactivity_B (Dopamine D2 receptor)
NCCc1c[nH]c2ccc(O)cc12,CHEMBL39,0.046849996,0.13086098,0.66928256,0.18199793,0.4156552,0.75790673,0.361146535465839,0.209619006229176,0.306311714673719,-0.072577140373751,0.016360563892237,0.099521946979574,176.22,1.37,9.31,10,0,True,0.65,0,2
O=C(Nc1ccc(Oc2cccnc2Cl)nc1)c1c[nH]c2ccccc12,CHEMBL516452,0.14733827,0.13099393,0.735831,0.0639278,0.4260233,0.028286517,0.48149308507826,0.25858322468492,0.391660212284781,-0.060118788932348,0.008088727783543,0.253368100825728,364.79,4.66,12.78,1.53,0,True,0.52,0,0
CN(C)CC1CC2c3cc(F)ccc3Cc3ccc(F)cc3N2O1,CHEMBL314107,0.85972786,0.53242505,0.41507852,0.38971803,0.37743908,0.6024803,0.523981681006506,0.151673185571491,0.105571953243325,0.202375778646965,-0.279476666431562,0.244965956830364,330.38,3.68,,8.39,0,True,0.84,0,1
CNCC1CC2c3ccccc3Cc3ccccc3N2O1,CHEMBL81485,0.95960677,0.5188368,0.4271261,0.33828354,0.42153862,0.6100092,0.569983876965471,0.157467767637259,0.13858309166151,0.235694625525134,-0.398167398860158,0.358539765319426,280.37,3.06,,9.48,0,True,0.91,0,0
Cc1ccc2[nH]cc(C(=O)Nc3ccc(Oc4cccnc4C)nc3)c2c1,CHEMBL480127,0.18033078,0.12028271,0.7417334,0.09118357,0.43208194,0.007944226,0.496410084637581,0.264667535853977,0.405416038448702,-0.069390120237578,-0.089637271843153,0.251919455309286,358.4,4.62,12.99,5.44,0,True,0.56,0,0
O=C(CNC(=O)c1cccc(C(F)(F)F)c1)N[C@@H]1CCN(CCC2CCN(C(=O)c3ccccc3Cl)CC2)C1,CHEMBL1088874,0.045673847,0.4809477,0.44006103,1,0.23969603,0.9434637,0.413457154979519,-0.043893959148197,0.408040243312494,0.042155584528466,0.37560440397397,-0.188758510792409,565.04,4.22,,9.01,1,True,0.5,0,0
O=C(CNC(=O)c1cccc(C(F)(F)F)c1)N[C@@H]1CCN(CCN2CCN(C(=O)c3ccccc3Cl)CC2)C1,CHEMBL1092238,0.05662921,0.5522079,0.42431813,0.9810135,0.2270501,0.9498246,0.493777827035874,-0.141242937853107,0.448366202489424,0.053165290453426,0.387162493042734,-0.209039548022599,566.02,2.74,,8.01,1,True,0.51,0,0
O=C(CNC(=O)c1cccc(C(F)(F)F)c1)N[C@@H]1CCN(CCC2CCN(C(=O)c3ccccc3)CC2)C1,CHEMBL1092929,0.076446295,0.4983174,0.4541239,0.97922605,0.24536748,0.90628487,0.394534645305555,-0.066492829204694,0.42129710196897,0.040127480805447,0.41242503550832,-0.217151962914675,530.59,3.57,,9.01,1,True,0.55,0,0
CN1C2CCC1CC(NC(=O)c1cnn3ccccc13)C2,CHEMBL355149,0.57607347,0.5302583,0.7477291,0.5696306,0.4202281,0.81659687,0.174180134190646,0.074315514993481,0.201350252041814,-0.238012458351441,-0.066600367668243,0.078661451542808,284.36,1.69,13.7,9.16,0,True,0.91,0,0
CCC(CC(=O)c1ccc(Cl)c(Cl)c1)N1CCCC1,CHEMBL377498,0.5902426,0.14279482,0.09747037,0.18026367,0.32692885,0.72913176,0.307532937186153,0.254527017238882,0.518533751570466,0.310734463276836,0.447350242270658,-0.361147327249022,300.23,4.44,,8.92,0,True,0.75,0,0
Fc1ccc(-c2noc(C3CCN(c4cnc5ccc(Cl)cc5c4)CC3)n2)c(Cl)c1,CHEMBL468176,0.19738153,0.6903962,0.6417556,0.42810518,0.2462416,0.65901846,0.279608535755471,-0.160365058670143,0.377304960024425,-0.232507605388961,0.47122621173209,-0.090830073880921,443.31,6.11,,3.73,1,True,0.38,0,0
CN(C)CCC1CC2c3ccccc3Cc3ccccc3N2O1,CHEMBL313189,0.9630313,0.54842585,0.40295506,0.3516909,0.38629052,0.638323,0.618173733832862,0.176589888454295,0.13834174279293,0.229320585252789,-0.373766997749449,0.307547443140664,308.43,3.79,,9.43,0,True,0.86,0,0
O=C(CNC(=O)c1cccc(C(F)(F)F)c1)N[C@@H]1CCN(CCC2CCN(C(=O)c3ccccc3F)CC2)C1,CHEMBL1089881,0.041083127,0.50673497,0.46785492,0.9566176,0.23252405,0.91403896,0.394288663971491,-0.077792264232942,0.443111217543552,0.036940460669274,0.421449447805199,-0.239750832971172,548.58,3.71,,9.01,1,True,0.49,0,0
Cc1ccc2c(c1)N1OC(CN(C)C)CC1c1ccccc1C2,CHEMBL85735,0.89949155,0.53469,0.4468277,0.35568658,0.37299216,0.63612455,0.579944241158967,0.173692597421411,0.105971527388962,0.22352600318702,-0.294373351391904,0.235404896421846,308.43,3.71,,8.39,0,True,0.84,0,1
COc1ccc2[nH]cc(C(=O)Nc3ccc(Oc4cccnc4C)nc3)c2c1,CHEMBL480699,0.17538717,0.14532104,0.7545537,0.112732455,0.44611865,0.004323542,0.503681928989976,0.261190786614515,0.444543353397915,-0.092278719397364,-0.096551311657122,0.258872953788208,374.4,4.32,13.03,5.44,0,True,0.54,0,0
Cc1cc2c(cc1C(F)(F)F)N(C(=O)Nc1ccc(Oc3cccnc3C)nc1)CC2,CHEMBL14460,0.2059903,0.095593214,0.5114032,0.43034446,0.24903592,0.68385327,0.314849084403875,0.235984354628422,-0.008036847470802,0.069969578444155,0.491206341625416,-0.175141242937853,428.41,5.5,11.77,5.44,1,True,0.6,0,0
CCCC(C(=O)c1ccc(O)cc1)N1CCCC1,CHEMBL203563,0.55185336,0.031110197,0.063929975,0.08574322,0.7399589,0.952729,0.459046506000463,0.32840793857743,0.61929302686695,0.339127915399102,-0.298354488220967,0.190786614515428,247.34,2.84,7.36,8.1,0,True,0.81,0,0
O=C(CNC(=O)c1cccc(C(F)(F)F)c1)N[C@@H]1CCN(CCC2CCN(C(=O)c3cc(F)ccc3F)CC2)C1,CHEMBL1092921,0.007997334,0.5003388,0.48204154,0.93653774,0.21963382,0.9234378,0.402403490538335,-0.065913370998117,0.462390126733091,0.031435607706794,0.430029149656044,-0.255106475445458,566.57,3.85,,9.01,1,True,0.48,0,0
O=C(CNC(=O)c1cccc(C(F)(F)F)c1)N[C@@H]1CCN(CCN2CCN(C(=O)c3cc(F)ccc3F)CC2)C1,CHEMBL1089793,0.0035591125,0.5300842,0.48980296,0.9624073,0.21870704,0.9372776,0.482929125185963,-0.103578154425612,0.490913561308976,0.01752861074895,0.417549622359936,-0.240620020281037,567.56,2.36,,8.01,1,True,0.48,0,0
CC(=O)Nc1cc(Cl)ccc1/C=C/C(=O)N1CCN(Cc2ccc(F)cc2)C[C@H]1C,CHEMBL198949,0.38833085,0.7435707,0.6121274,0.33236465,0.19752736,0.6536745,0.106092490862167,-0.21628277560481,0.052585514658934,-0.17948717948718,0.44248771950056,-0.106765174561785,429.92,4.18,13.51,6.63,0,True,0.73,0,0
CCCC(C(=O)c1ccccc1C)N1CCCC1,CHEMBL203403,0.63019806,0.07247317,0.081400365,0.055444628,0.77022684,0.9633407,0.494239896050462,0.293640446182819,0.60618573273111,0.326959293060988,-0.31979186029287,0.195712009271331,245.37,3.44,,7.94,0,True,0.74,0,0
CCCC(C(=O)c1ccc(OC)cc1)N1CCCC1,CHEMBL381127,0.5492762,0.064912826,0.07976496,0.099208474,0.73926437,0.968359,0.492028053946298,0.320874981891931,0.628338349755525,0.336520353469506,-0.299146507283188,0.18673040706939,261.36,3.14,,7.73,0,True,0.74,0,0
CCC(CC(=O)c1ccc(C)cc1)N1CCCC1,CHEMBL202939,0.6045778,0.12651122,0.08366841,0.16941242,0.3560336,0.81780684,0.406666641850602,0.271041576126322,0.56888427779735,0.3266695639577,0.209949108139281,-0.087932782848037,245.37,3.44,,9.18,0,True,0.74,0,0
CCCC(C(=O)c1ccc(-c2cccs2)cc1)N1CCCC1,CHEMBL369997,0.5044105,0.073964,0,0.09486771,0.69704527,0.9508413,0.47186042230637,0.306967984934087,0.570985552539407,0.323772272924815,-0.333219160092531,0.180935825003622,313.47,4.86,,7.9,0,True,0.71,0,0
CCCC(C(=O)c1ccc(C(F)(F)F)cc1)N1CCCC1,CHEMBL204490,0.51948416,0.041540593,0.029286146,0.11624429,0.71491885,0.938596,0.418600300314372,0.313052296103144,0.60410340333557,0.346371142981312,-0.327369674250599,0.18499203244966,299.34,4.15,,7.7,0,True,0.76,0,0
CCCC(C(=O)c1ccc2ccccc2c1)N1CCCC1,CHEMBL204759,0.58482397,0.07535431,0.05559188,0.11805372,0.69821423,0.96257603,0.364788027942946,0.290163696943358,0.591121898348817,0.342314935535274,-0.328987978333367,0.182674199623352,281.4,4.29,,7.99,0,True,0.76,0,0
Cc1ccc2c(C(=O)Nc3ccc(Oc4cccnc4C)nc3)c[nH]c2c1,CHEMBL519103,0.2058835,0.12944835,0.7636959,0.08819267,0.44044197,0.01760006,0.482064849652827,0.262929161234246,0.421681347481102,-0.080689555265827,-0.091078121618476,0.257134579168477,358.4,4.62,12.98,5.44,0,True,0.56,0,0
CCCC(C(=O)c1ccc([N+](=O)[O-])cc1)N1CCCC1,CHEMBL379446,0.5249703,0.010139257,0.046842724,0.031836003,0.72183335,0.94882655,0.436538212659767,0.307257714037375,0.604773753504266,0.324641460234681,-0.315239007205041,0.18122555410691,276.34,3.04,,7.32,0,True,0.45,0,0
CCCC(C(=O)c1ccc(Br)cc1)N1CCCC1,CHEMBL202420,0.58606774,0.021468371,0.04882723,0.06524125,0.69983864,0.92660296,0.473141318172199,0.325220918441257,0.603299563835234,0.331884687816891,-0.338440076876083,0.180935825003622,310.24,3.9,,7.74,0,True,0.77,0,0
CCCC(C(=O)c1ccc(NC(C)=O)cc1)N1CCCC1,CHEMBL379679,0.56291425,0,0.024054825,0.040356815,0.7263683,0.96410364,0.527009111045992,0.323482543821527,0.597677496541318,0.321454440098508,-0.305621636130624,0.185861219759525,288.39,3.09,13.76,7.75,0,True,0.82,0,0
O=[N+]([O-])c1cc(O)c2c(c1)S(=O)(=O)N=C(Nc1ccccc1Oc1ccccc1)N2,CHEMBL399203,0.21847597,0.23193315,0.5585441,0.30510044,0.46520138,0,0.232534719745686,0.202665507750254,0.197731723523524,-0.005649717514124,-0.067956248439334,0.270751847023033,426.41,3.68,6.88,,0,True,0.33,0,0
CN(C)Cc1nc(-c2ccc(C(C)(C)C)cc2)n(-c2cccc(O)c2)n1,CHEMBL595449,0.2503599,0.39615947,0.5378806,0.5041026,0.21587156,0.6378795,0.220783775480807,0.081269013472403,0.270003827421333,-0.076923076923077,0.402447735285546,-0.092568448500652,350.47,4,9.89,6,0,True,0.77,0,0
O=C(CNC(=O)c1cccc(C(F)(F)F)c1)N[C@@H]1CCN(CCN2CCN(C(=O)c3ccccc3)CC2)C1,CHEMBL1093469,0.07506579,0.52756834,0.4352054,0.9541413,0.24730447,0.9207933,0.482970507239381,-0.107344632768362,0.458231449346086,0.053165290453426,0.394859826276159,-0.19223526003187,531.58,2.08,,8.02,1,True,0.55,0,0
O=C(Nc1ccc(Oc2cccnc2)nc1)c1c[nH]c2ccccc12,CHEMBL479952,0.2025168,0.16217935,0.75689024,0.06304702,0.43786716,0.034455717,0.453008593511174,0.256265391858612,0.40576200657256,-0.06533391279154,-0.025919317926302,0.258872953788208,330.35,4,12.78,4.54,0,True,0.59,0,0
C[C@H]1Cc2c([nH]c3cc(Cl)c(F)cc23)[C@@]2(N1)C(=O)Nc1ccc(Cl)cc12,CHEMBL1082723,0.38822928,0.7859213,0.56924236,0.3754739,0.33788168,0.60520405,0.102854194822356,-0.211067651745618,0.394214127224405,-0.183253657829929,0.006004546713192,0.152252643778068,390.25,4.34,12.26,6.58,0,True,0.53,0,0
CC(C)N(c1cccc(N2CCN(C)CC2)c1)S(=O)(=O)c1ccc2ccccc2c1,CHEMBL1222134,0.41459894,0.9251489,0.9584677,0.2973091,0.16854927,0.62535256,0.489030189616671,-0.062726350861944,0.561171062874581,-0.103288425322324,0.429374339341941,-0.089671157467768,423.58,4.2,,7.89,0,True,0.62,0,0
CN1C2CCC1CC(OC(=O)c1cnn3ccccc13)C2,CHEMBL350972,0.59012824,0.5443381,0.73358,0.5803906,0.43064812,0.8153218,0.253937854599389,0.059539330725772,0.153262548700015,-0.243517311313922,-0.120400939537016,0.104447341735477,285.35,2.12,,9.29,0,True,0.79,0,0
O=C(CNC(=O)c1cccc(C(F)(F)F)c1)N[C@@H]1CCN(CCN2CCN(C(=O)c3ccccc3F)CC2)C1,CHEMBL1093802,0.03597477,0.5328321,0.45740813,0.9323942,0.23421222,0.9288292,0.478189561575945,-0.113428943937419,0.473557756540568,0.040417209908735,0.404241450273533,-0.215993046501521,549.57,2.22,,8.01,1,True,0.49,0,0
Cc1coc2ccc(N3C[C@@]4(CN5CCC4CC5)OC3=O)cc12,CHEMBL2113241,0.2278451,0.7296122,0.52026606,0.32093325,0.42162687,0.80353427,0.161818216699109,-0.162682891496451,-0.141747012240957,0.181515283210199,-0.132359768667766,0.089671157467768,312.37,3.16,,8.68,0,True,0.81,0,0
CCC[C@@H](C(=O)c1ccc(C)cc1)N1CCCC1,CHEMBL372312,0.5753273,0.04666847,0.041461796,0.09389341,0.7530487,0.95312035,0.485195305436416,0.330146313197161,0.604753710871657,0.346081413878024,-0.305131379409405,0.195422280168043,245.37,3.44,,7.93,0,True,0.74,0,0
CCCC(C(=O)c1cccc(C)c1)N1CCCC1,CHEMBL204254,0.61169803,0.04693812,0.024820447,0.07630929,0.75532997,0.9666146,0.492554316607279,0.308706359553817,0.602026572496256,0.338258728089237,-0.309697546638919,0.191655801825293,245.37,3.44,,7.83,0,True,0.74,0,0
CB1C=Cc2cccc(OCC(O)CN(C)C)c2N1,CHEMBL3736433,0.4444447,0.2271029,0.45767587,0.20143951,0.33279204,0.77891815,0.452263449332189,0.204114153266696,0.089988764779422,0.210777922642329,0.308951309243191,-0.137186730407069,260.15,,,,,Undefined,,0,0
CC1(C)OC(=O)N([C@H]2CC[C@H](c3cnc(N)c(-c4ncccn4)c3)CC2)[C@H]1c1ccccc1,CHEMBL3099716,0.17400089,0.7094782,0.5746879,0.34422025,0.07600281,0.8165015,0.114497396495696,-0.169636389975373,0.260869267987209,-0.167028828045777,0.545847932526587,-0.267854555990149,443.55,5.12,,5.98,1,True,0.6,0,0
O=C(CCCN1CCC(O)(c2ccc(Cl)cc2)CC1)c1ccc(F)cc1,CHEMBL54,0.4353207,0.7062504,0.18083015,0.22330736,0.3169512,0.73260903,0.218964793398699,-0.212806026365348,0.438565719750656,0.295958279009126,0.470804291716868,-0.316239316239316,375.87,4.43,13.96,8.05,0,True,0.76,0,1
CN(C)[C@@H]1CC[C@H](c2c[nH]c3ccc(C#N)cc23)C1,CHEMBL1275709,0,0.1875098,0.62351465,0.17126386,0.39343727,0.7681144,0.156798617914793,0.164131537012893,0.337342322342937,-0.011444299579893,-0.018716140262474,0.083297117195422,253.35,3.24,,9.92,0,True,0.89,0,0
CN(C)CC1CC2c3ccccc3Cc3ccc(F)cc3N2O1,CHEMBL84931,0.8783933,0.51140755,0.43643242,0.39103994,0.38497898,0.61465806,0.552068024391892,0.157757496740548,0.121318985111067,0.203534695060119,-0.323099053916049,0.281761552947994,312.39,3.54,,8.39,0,True,0.84,0,1
Cc1cc(N2CCN(C)CC2)c2c(c1)N(S(=O)(=O)c1ccc3ccccc3c1)C(C)CC2=O,CHEMBL1642128,0.57505924,0.97578967,0.6655824,0.3391589,0.121439144,0.63517004,0.497532447029316,-0.080399826162538,0.601420683626321,-0.11313921483413,0.498061859342244,-0.09662465594669,463.6,4.07,,6.93,0,True,0.59,0,0
COc1cc(NC(=O)c2ccc(-c3ccc(Cl)cc3)o2)cc(OC)c1,CHEMBL250699,0.15309957,0.17423284,0.5510724,0.44636232,0.45673627,0.015930831,0.309551359187962,0.235694625525134,0.188976135889842,-0.134289439374185,-0.06617376509419,0.267275097783572,357.79,4.87,13.76,,0,True,0.71,0,0
CC1CC(=O)c2c(N3CCN(C)CC3)cccc2N1S(=O)(=O)c1ccc2ccccc2c1,CHEMBL1642123,0.5481686,0.9686109,0.6867823,0.34454978,0.14269896,0.6540397,0.525132542580892,-0.06533391279154,0.622119612589432,-0.123279733449225,0.507270024602773,-0.112559756627553,449.58,3.76,,6.91,0,True,0.61,0,0
CCN(CC)C(=O)[C@@H]1C=C2c3cccc4[nH]cc(c34)C[C@H]2N(C(=O)Nc2ccccc2)C1,CHEMBL584554,0.35729223,0.13554373,0.5995375,0.28914243,0.13257298,0.60691315,0.312107572702844,0.20874981891931,0.281960137816661,-0.104447341735477,0.446537713477768,-0.095755468636825,428.54,4.51,13.36,,0,True,0.64,0,0
N#Cc1ccc(CCOC(=O)N2CCN(CCCC(c3ccc(F)cc3)c3ccc(F)cc3)CC2)cc1,CHEMBL326263,0.35830435,0.6878742,0.3140636,0.42123583,0.124455184,0.8832553,0.239402214658149,-0.191655801825293,0.315577293719919,0.235404896421846,0.546685975618692,-0.312762566999855,503.59,5.75,,7.45,2,False,0.37,0,0
CC(C)N(c1cccc(N2CCN(C)CC2)c1)S(=O)(=O)c1ccccc1,CHEMBL1222138,0.40408626,0.89922196,0.93976706,0.28124678,0.16723625,0.63935137,0.465763251359663,-0.091699261190787,0.532376603892368,-0.104157612632189,0.419698502615229,-0.09836303056642,373.52,3.04,,7.89,0,True,0.81,0,0
O=C(OCCc1ccc(F)cc1)N1CCN(CCCC(c2ccc(F)cc2)c2ccc(F)cc2)CC1,CHEMBL325516,0.3829712,0.6852153,0.2998343,0.43055758,0.114602804,0.87867945,0.25663030789658,-0.198899029407504,0.336416420283062,0.237433000144865,0.55350775943427,-0.311313921483413,496.57,6.01,,7.45,1,True,0.36,0,0
CC1CC(=O)c2ccc(N3CCN(C)CC3)cc2N1S(=O)(=O)c1ccc2ccccc2c1,CHEMBL1642118,0.5150621,0.9674686,0.6878897,0.31806204,0.14453891,0.68263936,0.547206887546348,-0.063885267275098,0.610135218506488,-0.107054903665073,0.55695658376145,-0.173113139214834,449.58,3.76,,7.02,0,True,0.61,0,1
CCCN(c1cccc(N2CCN(C)CC2)c1)S(=O)(=O)c1ccc2ccccc2c1,CHEMBL1222363,0.40727353,0.98151934,0.9387089,0.31787577,0.16193171,0.61456,0.441066650991586,-0.074025785890193,0.565636472654165,-0.112849485730842,0.414596122040366,-0.097783572359844,423.58,4.2,,7.89,0,True,0.6,0,0
CN(C)[C@H]1CC[C@@H](c2c[nH]c3ccc(F)cc23)C1,CHEMBL1275791,0.022081763,0.19129854,0.6092061,0.16467085,0.40122688,0.76266634,0.157346581168585,0.169926119078661,0.298249007373103,0.009995654063451,-0.039555483428821,0.083876575401999,246.33,3.5,,9.95,0,True,0.86,0,0
CB1C=Cc2c(cccc2OCC(O)CN(C)C)N1,CHEMBL3736156,0.46467084,0.23528394,0.45801854,0.18250301,0.3425695,0.7776845,0.425363320279649,0.207301173402868,0.132586165387849,0.202086049543677,0.263483215833707,-0.142691583369549,260.15,,,,,Undefined,,0,0
Cl.Fc1cccc(Nc2nc(Cc3ccccc3)nc3c2CCNCC3)c1,CHEMBL2393244,0.19931453,0.31090003,0.3997633,0.60550684,0.9533498,0.50036263,0.280193762090733,0.15920614225699,0.20365019177404,0.131971606547878,0.52318909715048,0.640446182819064,384.89,3.64,,9.52,0,True,0.76,0,1
Cl.Clc1cccc(Nc2nc(Cc3ccccc3)nc3c2CCNCC3)c1,CHEMBL2393245,0.22410119,0.29636812,0.39594316,0.6318399,0.9387412,0.49993366,0.290320361136455,0.175430972041142,0.163299367342205,0.123859191655802,0.52299825321502,0.645081848471679,401.34,4.15,,9.52,0,True,0.73,0,1
CC(C)NCC(O)COc1cccc2ccccc12,CHEMBL27,0.4378139,0.25721854,0.45358968,0.14874995,0.33674014,0.7955622,0.351832330970008,0.193973634651601,0.224588791989335,0.205562798783138,0.282646452460841,-0.142112125162973,259.35,2.58,,9.67,0,True,0.84,0,0
CN(C)CC1CC2c3cccnc3Cc3ccccc3N2O1,CHEMBL331188,0.9325744,0.5729191,0.47820243,0.35305214,0.40073073,0.61465394,0.554549953127333,0.163552078806316,-0.076540545784875,0.215703317398233,-0.377061215031906,0.319426336375489,295.39,2.8,,8.39,0,True,0.85,0,0
CN(C)CC1CC2c3ccccc3Cc3ccncc3N2O1,CHEMBL331077,0.8972142,0.56304336,0.4542161,0.32587242,0.41061282,0.6230923,0.606956375284808,0.168187744458931,0.000247106954463,0.240620020281037,-0.40876773758938,0.353324641460235,295.39,2.8,,8.39,0,True,0.85,0,0
COc1ccc(OC)c2c1C[C@H]1c3cc4c(cc3CCN1C2)OCO4,CHEMBL3897805,0.73457825,0.3473546,0.5202533,0.2633751,0.37066036,0.58617777,0.424217604906523,0.312472837896567,0.099623406900436,0.165000724322758,-0.242128150459531,0.213095755468637,339.39,3.09,,5.29,0,True,0.84,1,0
CNS(=O)(=O)Cc1ccc2[nH]cc(CCN(C)C)c2c1,CHEMBL128,0.02451238,0.13659588,0.6549384,0.19339971,0.30529737,0.7767568,0.259641464884884,0.177748804867449,0.297589497334712,-0.06910039113429,0.406660712382049,-0.287556135013762,295.41,1.32,11.24,9.54,0,True,0.84,1,0
c1ccc(CCCN2CCN(Cc3ccccc3)CC2)cc1,CHEMBL273041,0.39228362,0.6513378,0.410449,0.9358187,0.34609494,0.8182552,0.34484851515672,-0.158916413153701,0.183043067118832,0.028248587570622,0.256583725529101,-0.120382442416341,294.44,3.44,,8.33,0,True,0.81,1,1
CN1CCN(c2cccc3c2C(=O)CCN3S(=O)(=O)c2ccc3ccccc3c2)CC1,CHEMBL1642117,0.5379244,1,0.70682824,0.3578898,0.15417477,0.6624209,0.481211329209282,-0.071418223960597,0.64829265603039,-0.117195422280168,0.507717145183683,-0.126756482688686,435.55,3.37,,6.91,0,True,0.63,1,0
CC(C)(C)c1ccc(C(=O)CCCN2CCC(OC(c3ccccc3)c3ccccc3)CC2)cc1,CHEMBL305660,0.45846722,0.6909443,0.19475657,0.23188421,0.14090303,0.87062055,0.175427509375812,-0.214544400985079,0.464485388151179,0.299145299145299,0.5354695061579,-0.313342025206432,469.67,7.22,,8.43,1,True,0.31,1,0
O=C1CC2(CCCC2)CC(=O)N1CCCCN1CCN(c2ncccn2)CC1,CHEMBL49,0.61108637,0.3846337,0.4528671,0,0.34438318,0.8513596,-0.04292781111752,0.239750832971172,0.128145750865187,0.177169346660872,0.255351055119415,-0.107344632768362,385.51,2.09,,7.62,0,True,0.55,1,1
Cc1c(C(=O)NCCCN2CCN(c3cccc(Cl)c3Cl)CC2)cc(-c2ccccc2)n1C,CHEMBL1086754,0.31104237,0.44860807,0.78549373,0.45359033,0.26218143,0.7218785,0.317327935795407,0.018397798058815,0.532101822422288,-0.19049688541214,0.5279742142513,-0.258003766478343,485.46,5.25,,7,1,True,0.47,1,0
CN1CCN(C2=Nc3cc(Cl)ccc3Nc3ccccc32)CC1,CHEMBL42,0.40101668,0.86509913,0.6311135,0.37645718,0.17075737,0.66804934,0.361205862453282,-0.142112125162973,0.361692719719983,-0.193394176445024,0.463642039176485,-0.141822396059684,326.83,3.72,,7.35,0,True,0.8,1,1
CCCN(CCCCN1C(=O)CC2(CCCC2)CC1=O)CC1COc2cccc(OC)c2C1,CHEMBL417608,0.67158085,0.34419912,0.43390346,0.05464706,0.30722964,0.9097949,0.48168065036825,0.31363175430972,0.41765293802646,0.211647109952195,0.312543987759458,-0.137476459510358,456.63,4.45,,10.06,0,True,0.38,1,0
N#Cc1ccc(CCOC(=O)NC2CCN(CCCC(c3ccc(F)cc3)c3ccc(F)cc3)CC2)cc1,CHEMBL116463,0.35838583,0.7103927,0.30349568,0.3989685,0.124862775,0.8706333,0.210872075117921,-0.195422280168043,0.343967005246913,0.244096769520498,0.561560587202784,-0.311313921483413,517.62,6.18,,9.01,2,False,0.35,1,1
COc1cccc2c1CC1(CCCN1CCCCN1C(=O)CC3(CCCC3)CC1=O)CO2,CHEMBL11265,0.6510937,0.37103015,0.3930931,0.06263742,0.30671984,0.8855525,0.418663870861692,0.313342025206432,0.444830781548194,0.223236274083732,0.310390966396472,-0.137476459510358,440.58,3.95,,8.89,0,True,0.5,1,0
Cn1c(=O)c2c(ncn2CCCN2CCC(C(c3ccccc3)c3ccccc3)CC2)n(C)c1=O.O=C(O)/C=C/C(=O)O,CHEMBL338611,0.48470935,0.6587151,0.7031683,0.46406272,0.9810349,0.54678255,0.23734022336853,-0.195422280168043,0.238784189983775,-0.24004056207446,0.523200124229659,0.603940315804723,587.68,3.37,,9.5,0,True,0.41,1,1
CN(C)CC1CC2c3ccccc3Cc3ccc(Cl)cc3N2O1,CHEMBL315772,0.9171037,0.51236707,0.45830336,0.38019916,0.36529613,0.6058881,0.561849016700852,0.159785600463567,0.088086686199472,0.20324496595683,-0.218264790585285,0.192524989135159,328.84,4.06,,8.39,0,True,0.83,1,2
Cl.Cl.Cn1c(=O)c2c(ncn2CCCN2CCN(C(c3ccc(F)cc3)c3ccc(F)cc3)CC2)n(C)c1=O,CHEMBL553331,0.49320358,0.6414995,0.7063475,0.4826594,0.99430144,0.54329956,0.215551080130857,-0.185861219759525,0.351883356990102,-0.224684919600174,0.523108766382178,0.604809503114588,581.5,2.51,,7.85,1,True,0.38,1,1
CCCN(CCC)CC1COc2cccc(OC)c2C1,CHEMBL11262,0.7014732,0.33463097,0.4512874,0.07926303,0.75197846,0.99608994,0.5420070479337,0.32840793857743,0.406807750757567,0.214254671881791,-0.280281995081688,0.19049688541214,277.41,3.37,,10.32,0,True,0.76,1,0
CN1CCN(c2cccc(NS(=O)(=O)c3ccc4ccccc4c3)c2)CC1,CHEMBL1221497,0.4516145,0.97737527,0.98829865,0.34551266,0.234936,0.67039376,0.429898196167235,-0.071997682167174,0.507394261268965,-0.131971606547878,0.453982458831127,-0.118933796899899,381.5,3.39,7.57,8.09,0,True,0.75,1,0
CCN(c1cccc(N2CCN(C)CC2)c1)S(=O)(=O)c1ccc2ccccc2c1,CHEMBL1222364,0.40258664,0.9581157,0.9629961,0.3236043,0.18639067,0.6401128,0.472210012868667,-0.066203100101405,0.55084692401608,-0.115746776763726,0.44078801003057,-0.089960886571056,409.56,3.81,,7.89,0,True,0.64,1,0
CN(C)CC1CC2c3ccccc3Cc3ccccc3N2O1,CHEMBL83658,0.93084985,0.5427821,0.42767945,0.3647248,0.39715058,0.62690413,0.617367292579161,0.186440677966102,0.145690911589201,0.219469795740982,-0.384426800810435,0.326379834854411,294.4,3.4,,8.39,0,True,0.84,1,1
Cc1cccc(N2CCN(CCCC(=O)NCc3nc4ccccc4c(=O)n3-c3ccccc3)CC2)c1C,CHEMBL259415,0.3667847,0.56714845,0.60484886,0.595075,0.048609138,0.8419183,0.50198543786562,-0.111690569317688,0.447350512677431,-0.132840793857743,0.563963150419508,-0.270172388816457,509.65,4.22,13.54,8.18,1,True,0.39,1,0
CCOc1ccccc1N1CCN(CCCC(=O)NCc2nc3cc(F)ccc3c(=O)n2-c2ccc(OC)cc2)CC1,CHEMBL259199,0.26947603,0.58756423,0.6044189,0.52987,0.0042020082,0.8741573,0.481074939252192,-0.133709981167608,0.487060261417301,-0.139504563233377,0.595741216272313,-0.28060263653484,573.67,4.15,13.2,7.88,1,True,0.29,1,0
Cc1cccc(N2CCN(CCCC(=O)NCc3nc4cc(F)ccc4c(=O)n3-c3ccccc3)CC2)c1C,CHEMBL261102,0.33809912,0.58210623,0.62651265,0.5878254,0.0349198,0.8406814,0.557917665503017,-0.107344632768362,0.500712790699547,-0.140373750543242,0.570586522973668,-0.269882659713168,527.64,4.36,13.35,8.18,1,True,0.37,1,0
Cc1cccc(N2CCN(CCCC(=O)NCc3nc4ccc(F)cc4c(=O)n3-c3ccccc3)CC2)c1C,CHEMBL261434,0.33445603,0.5571789,0.60917526,0.56904215,0.03917557,0.8524915,0.560416500192093,-0.119513255106475,0.473893719515013,-0.139504563233377,0.568937231404428,-0.280892365638128,527.64,4.36,13.35,8.18,1,True,0.37,1,0
CCCn1c(-c2ccccc2)cc(C(=O)NCCCN2CCN(c3cccc(Cl)c3Cl)CC2)c1C,CHEMBL1086756,0.32956293,0.46262473,0.77193564,0.44163632,0.06493828,0.8265682,0.33346399517645,-0.013182674199623,0.552301890238083,-0.181515283210199,0.54906917257405,-0.270751847023033,513.51,6.12,,7,2,False,0.35,1,0
CN1CCN2c3ccccc3Cc3ccccc3C2C1,CHEMBL6437,1,0.53384334,0.44273454,0.4349183,0.4368632,0.607957,0.591627161288982,0.162103433289874,0.081261619273305,0.175430972041142,-0.381591134805291,0.327828480370853,264.37,3.08,,6.92,0,True,0.72,1,0
CN1CCN(c2ccc3c(c2)N(S(=O)(=O)c2ccc4ccccc4c2)CCC3=O)CC1,CHEMBL1642116,0.5063762,0.9968853,0.71175015,0.32903588,0.15434743,0.6880917,0.52147842404488,-0.070549036650732,0.633721715783223,-0.108793278284804,0.553597938878415,-0.171374764595104,435.55,3.37,,7.02,0,True,0.63,1,0
CCC1CC(=O)c2c(N3CCN(C)CC3)cccc2N1S(=O)(=O)c1ccc2ccccc2c1,CHEMBL1642126,0.55543625,0.94526863,0.677513,0.36655262,0.13500766,0.64249474,0.486404343610284,-0.074025785890193,0.615619769167724,-0.12791539910184,0.501183630476729,-0.103288425322324,463.6,4.15,,6.91,0,True,0.58,1,0
CCOc1ccccc1N1CCN(CCCC(=O)NCc2nc3ccc(F)cc3c(=O)n2-c2ccccc2)CC1,CHEMBL260907,0.2976404,0.5717005,0.6425153,0.5298829,0.01455307,0.86577415,0.528967997729287,-0.125307837172244,0.516607650416703,-0.182963928726641,0.587281590413319,-0.281471823844705,543.64,4.14,13.27,7.88,1,True,0.32,1,0
CC(C)N(c1cccc(N2CCN(C)CC2)c1)S(=O)(=O)c1cccc2ccccc12,CHEMBL1222234,0.43728676,0.9012525,0.9644649,0.27244133,0.15073346,0.62466335,0.462928611503842,-0.091699261190787,0.571089648319901,-0.099521946979574,0.447993677736092,-0.084745762711865,423.58,4.2,,7.89,0,True,0.62,1,0
CCOc1ccccc1N1CCN(CCCC(=O)NCc2nc3ccc(F)cc3c(=O)n2-c2ccc(OC)cc2)CC1,CHEMBL406221,0.26830825,0.5618138,0.6235316,0.51490116,0,0.86224943,0.491841307827766,-0.141242937853107,0.503822614626565,-0.172823410111546,0.600543368266962,-0.266116181370419,573.67,4.15,13.19,7.88,1,True,0.29,1,1
O=C(CCCN1CCN(c2cccc(C(F)(F)F)c2)CC1)NCc1nc2cc(F)ccc2c(=O)n1-c1ccccc1,CHEMBL261019,0.31497046,0.6044078,0.64239836,0.5692557,0.006121218,0.8463779,0.663650466257576,-0.106765174561785,0.559819588044115,-0.163552078806316,0.593567420633131,-0.266985368680284,567.59,4.76,13.3,8.08,1,True,0.31,1,0
Cc1[nH]c(-c2ccccc2)cc1C(=O)NCCCN1CCN(c2cccc(Cl)c2Cl)CC1,CHEMBL1086626,0.2973767,0.4729428,0.7974919,0.4340562,0.26989138,0.71468985,0.364101674012372,-0.053455019556715,0.540509231188881,-0.186150948862813,0.521326521852178,-0.247283789656671,471.43,5.24,13.46,7,1,True,0.46,1,0
CN1CCN(c2cccc(N(CC3CC3)S(=O)(=O)c3ccc4ccccc4c3)c2)CC1,CHEMBL1221449,0.37331414,0.9745525,0.9414903,0.34327692,0.15183619,0.6063136,0.504105407913001,-0.066203100101405,0.593368546001999,-0.116036505867014,0.421473959449929,-0.086773866434883,435.59,4.2,,7.89,0,True,0.58,1,0
CN1CCN(c2cccc(N(Cc3ccccc3)S(=O)(=O)c3ccc4ccccc4c3)c2)CC1,CHEMBL1221452,0.3750804,0.94526494,1,0.29115555,0.14900406,0.58629835,0.486869345317074,-0.065044183688252,0.601211132439381,-0.118064609590033,0.432733152859653,-0.067072287411271,471.63,4.99,,7.89,0,True,0.4,1,0
CN1CCN(c2cccc(N(C)S(=O)(=O)c3ccc4ccccc4c3)c2)CC1,CHEMBL1222362,0.4347202,0.94901663,0.98364365,0.31411487,0.21678057,0.65805376,0.488155444341813,-0.059539330725772,0.539958325104236,-0.119513255106475,0.450230856019391,-0.106185716355208,395.53,3.42,,7.89,0,True,0.68,1,0
COc1ccccc1N1CCN(CCCC(=O)NCc2nc3ccc(F)cc3c(=O)n2-c2ccccc2)CC1,CHEMBL259776,0.299891,0.5459075,0.62492603,0.5434328,0.02297467,0.8522232,0.498289750398541,-0.143850499782703,0.501590784135545,-0.160654787773432,0.577552232829958,-0.267564826886861,529.62,3.75,13.27,7.88,1,True,0.36,1,0
O=C(N[C@H]1CC[C@H](CCN2CCN(c3nsc4ccccc34)CC2)CC1)c1ccco1,CHEMBL3946995,0.14494771,0.4725793,0.5931483,0.46511248,0.2717579,0.88757765,0.329768149971539,-0.05982905982906,0.264448342677512,-0.205852527886426,0.375704832313721,-0.171664493698392,438.6,4.39,,8.31,0,True,0.62,1,1
COc1cccc(Nc2nc(Cc3ccccc3)nc3c2CCNCC3)c1.Cl,CHEMBL2393246,0.21399596,0.27079815,0.38017634,0.5929749,0.929096,0.5099552,0.362078116635961,0.198319571200927,0.132221231653069,0.126466753585398,0.52331549898456,0.639576995509199,396.92,3.51,,9.52,0,True,0.73,1,1
Cc1cc(=O)oc2c(Cl)c(OCCCCN3CCC(c4noc5cc(F)ccc45)CC3)ccc12,CHEMBL2387229,0.23839355,0.6973858,0.6000227,0.41416878,0.27088746,0.7015394,0.264871632616889,-0.143560770679415,0.349444090686224,-0.210488193539041,0.502457932006648,-0.217151962914675,484.96,6.07,,9.12,1,True,0.23,1,1
Cl.c1ccc(Cc2nc3c(c(Nc4ccccc4)n2)CCNCC3)cc1,CHEMBL2393243,0.19049722,0.28831995,0.37917864,0.6182371,0.93782043,0.5220915,0.287864406105412,0.164421266116181,0.186689058528958,0.133130522961031,0.523605314196807,0.626249456757931,366.9,3.5,,9.52,0,True,0.77,1,1
COc1ccccc1N1CCN(CCOCCOc2cc(C)cc(C)c2C)CC1.Cl.Cl,CHEMBL4213352,0.44595543,0.46131265,0.65701437,0.702443,0.9554318,0.5294031,0.029406842289299,0.160075329566855,0.194507133449625,-0.178038533970737,0.523547460149299,0.616108938142837,471.47,3.84,,7.32,0,True,0.6,1,1
COc1ccccc1N1CCN(CCOCCOc2c(C)cc(C)cc2C)CC1.Cl.Cl,CHEMBL4207653,0.42051455,0.46225467,0.66855717,0.7177976,0.96354544,0.52040875,0.100487072463498,0.185281761552948,0.214502280475455,-0.174561784731276,0.52344803596488,0.622193249311893,471.47,3.84,,7.32,0,True,0.6,1,1
O=C(CCCCN1CCC(c2noc3cc(F)ccc23)CC1)c1cc2c3c(c1)CCN3C(=O)CC2,CHEMBL4293999,0.25467163,0.6838459,0.57498235,0.4079121,0.31788287,0.6790763,0.3058562394381,-0.14993481095176,0.274357521033355,-0.227582210633058,0.407096957883785,-0.114008402143995,475.56,5.03,,8.45,1,True,0.35,1,2
CCCN(CCCCN1C(=O)CC2(CCCC2)CC1=O)C1COc2cccc(OC)c2C1,CHEMBL11592,0.6571699,0.32329214,0.40351665,0.046287924,0.3076641,0.89985156,0.496888590287584,0.286686947703897,0.457076674528292,0.220049253947559,0.306377409400572,-0.140953208749819,442.6,4.2,,9.06,0,True,0.42,2,1
Nn1c(CCCCN2CCN(c3ccc4ccccc4n3)CC2)nc2c(c1=O)CCCC2,CHEMBL1278088,0.39773756,0.5899666,0.59437686,0.3719101,0.2812608,0.8823158,0.378019216096355,-0.142691583369549,0.460526175426252,-0.182094741416775,0.362361864777323,-0.14819643633203,432.57,2.53,,8.22,0,True,0.48,2,0
O=C1CC2(CCCC2)CC(=O)N1CCCCNCC1COc2ccccc2C1,CHEMBL11425,0.6062684,0.3496291,0.4360776,0.02801925,0.3332762,0.8462334,0.394301740801663,0.256555120961901,0.440564844562667,0.211357380848906,0.292311272395099,-0.123279733449225,384.52,3.32,,9.89,0,True,0.58,2,1
CCN(CC)C(=O)[C@@H]1C=C2c3cccc4[nH]cc(c34)C[C@H]2NC1,CHEMBL21343,0.3629191,0.1528844,0.6117251,0.27570432,0.4147303,0.6428127,0.320880165904081,0.215123859191656,0.366232805382085,-0.100391134289439,-0.45702949592106,0.316239316239316,309.41,2.56,,9.04,0,True,0.92,2,0
C/C(=N\OC(=O)Nc1ccccc1)c1cccc(-c2cccs2)c1,CHEMBL1210154,0.46972984,0.0875656,0.5118618,0.3751336,0.4514076,0.030320525,0.309723484148077,0.202086049543677,0.091065882683994,0.190786614515428,-0.043645548439463,0.2640880776474,336.42,5.39,12.38,1.72,1,True,0.39,2,0
CCCN(CCC)C1CCc2cccc(O)c2C1,CHEMBL56,0.6824568,0.2958349,0.10654327,0.039723545,0.7412714,1,0.442132681433098,0.270751847023033,0.533636250636651,0.281471823844705,-0.233218426197029,0.191076343618717,247.38,3.37,9.82,10.72,0,True,0.86,2,0
Cc1nc(C(=O)NCCCN2CCN(c3cccc(Cl)c3Cl)CC2)c(C)n1-c1ccccc1.Cl.Cl.Cl.Cl,CHEMBL3216098,0.26367328,0.4484005,0.53372645,0.5945332,0.9870246,0.55915904,0.334143355935628,-0.0488193539041,0.376305196475002,-0.063885267275098,0.522881576927654,0.5969868173258,632.29,4.74,,6.95,0,True,0.49,2,0
COc1cccc2c1CC(CNCCCCN1C(=O)CC3(CCCC3)CC1=O)CO2,CHEMBL416523,0.6344653,0.34505662,0.45073247,0.04639703,0.33381456,0.8585562,0.467883628674753,0.284658843980878,0.417855552680641,0.208170360712734,0.274317717033201,-0.126756482688686,414.55,3.33,,9.86,0,True,0.52,2,1
Cc1nc(C(=O)NCCN2CCN(c3cccc(Cl)c3Cl)CC2)c(C)n1-c1ccccc1.Cl.Cl.Cl.Cl,CHEMBL3216758,0.263403,0.4289652,0.53354794,0.61345243,1,0.5553302,0.304331584180243,0.006808633927278,0.380212990678099,-0.061857163552079,0.522876498119559,0.598435462842243,618.26,4.35,,6.04,0,True,0.58,2,1
O=C1Cc2cc(CCN3CCN(c4cccc5ccccc45)CC3)ccc2N1,CHEMBL54786,0.3971484,0.54873,0.48226473,0.46244276,0.2861324,0.72715026,0.470703827694492,-0.090250615674345,0.179105904602128,0.12414892075909,0.511699527001246,-0.27509778357236,371.48,3.7,12.32,8.31,0,True,0.76,2,1
CN1C[C@H](CNC(=O)OCc2ccccc2)C[C@@H]2c3cccc4c3c(cn4C)C[C@H]21,CHEMBL19215,0.5801929,0.5020767,0.5826522,0.25140327,0.32683575,0.67260414,0.229723098302813,0.108793278284804,0.265907203036633,-0.012892945096335,0.320557110363685,-0.105316529045343,403.53,4.06,,8.22,0,True,0.71,2,1
CC(C)(C)NS(=O)(=O)c1ccc(-c2sc(C(=O)N[C@H]3C[C@H](C(=O)O)C3)nc2CC2CCCCC2)c2ccccc12,CHEMBL4128926,0.17429718,0.46754912,0.54647994,0.35782388,0.14742613,0.57449865,0.220197891555336,-0.090830073880921,0.395737132264885,-0.165000724322758,0.422171347997834,-0.067651745617847,583.78,5.76,4.14,,2,False,0.31,2,2
COc1ccccc1N1CCN(CCCOc2ccc(C)cc2C)CC1.Cl,CHEMBL4209888,0.4349726,0.48499483,0.68238485,0.70125425,0.9478591,0.5130288,0.065139880264806,0.150514269158337,0.136932189013964,-0.185571490656236,0.523431203952021,0.631754309720411,390.96,3.9,,7.67,0,True,0.7,2,1
Fc1ccc(-c2cncc(CNC[C@H]3CCc4ccccc4O3)c2)cc1,CHEMBL220808,0.8539206,0.48179305,0.54497916,0.3960293,0.29543588,0.71350074,0.254807220218062,0.126756482688686,-0.05138924459148,-0.171664493698392,0.510795790788381,-0.263508619440823,348.42,4.37,,8.86,0,True,0.74,2,2
